Data,Abertura,Máxima,Mínima,Fechado,Média,Variação,Volume,Quantidade de Ações,Negócios
4/20/2020,29,29.49,28.52,28.99,28.9,-1.99,513772288,17775000,46274
4/17/2020,29.55,30.06,29.03,29.58,29.55,2.7,550212800,18615000,49085
4/16/2020,30.1,30.38,28.8,28.8,29.27,-2.86,606974464,20734200,53466
4/15/2020,29.48,30.24,29,29.65,29.66,-1.85,496899584,16748200,47711
4/14/2020,30.94,31.65,30,30.21,30.98,-0.09,550571584,17769700,57626
4/13/2020,29.76,30.3,28.7,30.24,29.4,1.98,530151488,18028700,50332
4/9/2020,30.34,30.88,29.46,29.65,30.18,-0.26,529003680,17525600,44193
4/8/2020,29.3,30.55,28.58,29.73,29.72,1.91,591269440,19894100,51926
4/7/2020,29.45,30.5,29.17,29.17,29.98,4.7,645157440,21514700,56841
4/6/2020,27.15,28.3,26.74,27.86,27.73,9.25,593983360,21414000,53545
4/3/2020,26.85,26.89,25,25.5,25.5,-5.62,483729952,18968100,58456
4/2/2020,26.95,27.8,26.31,27.02,27.14,1.16,426710400,15722400,49987
4/1/2020,26.9,27.28,26.05,26.71,26.64,-4.23,528339264,19826600,57296
3/31/2020,29.2,29.5,27.43,27.89,28.47,-3.79,538391552,18904200,48390
3/30/2020,28.9,29.46,28.31,28.99,28.88,2.65,455424064,15768600,34983
3/27/2020,28.78,29.5,28.02,28.24,28.64,-7.37,595812160,20802400,62808
3/26/2020,29.34,31.67,29.28,30.49,30.43,5.02,781050880,25660000,72504
3/25/2020,25.93,30.57,25.73,29.03,28.31,11.99,708334336,25020600,61586
3/24/2020,24.2,26.48,23.8,25.92,25.45,17.12,656623936,25799300,60903
3/23/2020,25,25,21.91,22.13,22.51,-10.04,603542208,26808100,69947
3/20/2020,27,27.9,24.33,24.6,26.26,-3.79,779413696,29675100,84156
3/19/2020,25.5,27.69,23.34,25.57,25.52,-3.9,1063379776,41664900,100081
3/18/2020,29.17,30.16,25.3,26.61,27.16,-16.5,1040084032,38293300,92059
3/17/2020,31.4,33.29,30.05,31.87,31.76,4.83,858815616,27033700,82685
3/16/2020,30.5,32.8,29.55,30.4,30.72,-16.68,963080128,31345200,101104
3/13/2020,36.24,37.67,31.71,36.49,34.78,16.76,1418481792,40778100,99978
3/12/2020,29.2,31.95,26.56,31.25,29.38,-13.28,926947008,31542400,75765
3/11/2020,38.6,38.82,34.23,36.19,36.58,-8.63,914708288,25003500,61737
3/10/2020,39.52,40.69,37.63,39.61,38.97,5.26,1264367616,32436700,79656
3/9/2020,38.45,40.19,36.3,37.63,37.96,-11.04,955691648,25174600,87930
3/6/2020,41.8,42.72,41.24,42.3,42.03,-1.87,799740032,19025700,57829
3/5/2020,45.26,45.57,42.3,43.11,43.76,-5.91,1131306752,25846800,51789
3/5/2020,45.26,45.57,42.3,43.11,43.76,-5.91,1131306752,25846800,51789
3/4/2020,46.45,46.69,45,45.82,45.65,0.1,878185408,19234000,37315
3/3/2020,46.71,47.36,45.11,45.77,46.1,-2.92,993722752,21553700,49847
3/2/2020,46.82,47.49,46.3,47.15,46.95,0.61,620317952,13210200,40766
2/28/2020,46.15,46.86,44.55,46.86,45.99,2.33,1213238656,26379200,66683
2/27/2020,44.8,47.59,44.38,45.79,46.32,1.23,1458013056,31472900,56012
2/26/2020,46.6,46.62,45.15,45.23,45.9,-7.4,698350336,15214100,48135
2/21/2020,48.81,49.22,48.33,49.22,48.85,0.08,314419552,6435600,19407
2/20/2020,50,50.05,48.68,49.18,49.14,-1.02,592342592,12052200,28325
2/19/2020,49.5,50.33,49.15,49.69,49.88,0.24,556112704,11148100,34243
2/18/2020,48.96,49.9,48.7,49.57,49.31,0.95,440382592,8929100,31079
2/17/2020,50.08,50.24,49.1,49.1,49.53,-1.5,334279552,6749000,18324
2/14/2020,50.88,50.96,49.57,49.85,50.21,-1.9,503323552,10022700,27983
2/13/2020,51.35,51.54,50.45,50.82,51,-1.54,704131520,13806300,34508
2/12/2020,51.87,52.36,50.67,51.62,51.46,0.58,855174784,16617100,31593
2/11/2020,49.92,51.65,49.68,51.32,51.21,4.5,926809216,18096500,44339
2/10/2020,49.71,49.99,48.88,49.11,49.29,-0.98,383747328,7785300,21649
2/7/2020,49.55,50.32,49.26,49.6,49.82,0.1,388363328,7795000,22621
2/6/2020,51,51.05,49.25,49.55,49.81,-1.68,481321600,9662900,25150
2/5/2020,49.2,51.29,49.1,50.4,50.51,4.45,1196756096,23691700,49089
2/4/2020,49.29,49.6,48.25,48.25,48.8,-1.08,574278656,11766600,34796
2/3/2020,48.55,49.14,48.01,48.78,48.78,0.49,497651328,10201400,32654
1/31/2020,49.11,49.12,48.22,48.54,48.68,-2.53,785061696,16126400,29043
1/30/2020,48.7,49.99,48.37,49.8,48.91,0.68,613416896,12539900,32458
1/29/2020,51,51.38,49.36,49.46,49.85,-2.46,418772544,8400200,25413
1/28/2020,50.8,51.15,50.08,50.71,50.67,0.81,387509344,7646400,24507
1/27/2020,50.06,51.07,49.73,50.3,50.43,-0.98,606011712,12015900,32885
1/24/2020,51.4,51.48,50.8,50.8,51.08,-1.32,467414592,9150300,22025
1/23/2020,48.54,51.48,48.38,51.48,50.3,5.62,1087888000,21624500,58407
1/22/2020,48.81,48.99,48.29,48.74,48.64,0.78,508775040,10459400,34129
1/21/2020,49.55,49.65,48.05,48.36,48.63,-2.89,704147584,14479200,41389
1/20/2020,50,50.35,49.27,49.8,49.75,-0.63,422856160,8498300,24537
1/17/2020,49.86,50.27,49.73,50.12,50.06,1.35,571882944,11421800,33691
1/16/2020,49.47,49.78,48.98,49.45,49.44,0.44,587078592,11872600,31132
1/15/2020,49.93,50.02,48.85,49.23,49.27,-1.83,714531712,14501900,36544
1/14/2020,50.28,50.49,49.75,50.15,50,-0.53,438313024,8765000,23729
1/13/2020,49.98,50.5,49.61,50.42,50.15,1.12,711310656,14181900,31787
1/10/2020,51.16,51.44,49.56,49.86,50.44,-2.35,774225216,15348200,40221
1/9/2020,52.2,52.33,50.73,51.06,51.3,-2.03,1269555584,24743000,48677
1/8/2020,52.76,52.99,52.04,52.12,52.44,-0.91,1125941248,21468600,23145
1/7/2020,53,53.03,52.29,52.6,52.5,-0.75,558561728,10638500,21753
1/6/2020,53.4,53.4,52.45,53,52.96,-1.32,529631424,9999900,30889
1/3/2020,53.1,53.91,52.85,53.71,53.56,-0.16,507042464,9465400,26899
1/2/2020,53.35,53.97,53.17,53.8,53.64,1.85,705929536,13159900,39662
12/30/2019,53.1,53.34,52.82,52.82,53,-0.28,415553600,7839900,16976
12/27/2019,53.35,53.67,52.26,52.97,52.84,-0.43,456173344,8633100,26403
12/26/2019,52.48,53.26,52.35,53.2,52.96,1.14,531357696,10031600,31224
12/23/2019,50.96,52.6,50.74,52.6,51.96,3.01,457442016,8803400,23059
12/20/2019,50.95,51.1,50.24,51.06,50.83,-0.19,484811744,9537300,18920
12/19/2019,50.3,51.16,50.08,51.16,50.78,1.02,619218048,12193800,20598
12/18/2019,48.75,50.71,48.63,50.64,49.89,3.45,1020807552,20459600,35773
12/17/2019,48.14,48.95,47.92,48.95,48.49,2.25,511190752,10542000,27714
12/16/2019,48.76,49.25,47.87,47.87,48.53,-1.35,582836416,12007400,25838
12/13/2019,48.86,49.5,48.36,48.53,49.04,-0.77,884212800,18029900,31701
12/12/2019,48,48.91,47.86,48.91,48.38,2.53,411172416,8498200,19860
12/11/2019,48.05,48.37,47.56,47.85,47.83,-0.14,477415552,9979700,19821
12/10/2019,48.55,48.74,47.66,47.92,48.05,-1.43,313668832,6527300,16907
12/9/2019,48.35,48.95,48.31,48.62,48.64,0.3,410035296,8429900,24831
12/6/2019,48.58,48.99,48.27,48.47,48.53,-0.41,467673888,9635700,19982
12/5/2019,49.16,49.27,48.31,48.67,48.73,-0.85,461696256,9473100,21564
12/4/2019,48.39,49.13,48.3,49.09,48.83,1.44,733872192,15029100,30206
12/3/2019,48.14,48.69,47.95,48.39,48.33,2.02,847654016,17536700,30020
12/2/2019,47.81,48.33,47.43,47.43,47.88,-0.79,465831104,9727400,22310
11/29/2019,47.64,47.99,47.41,47.81,47.75,0.44,347883968,7285500,15213
11/28/2019,46.94,47.67,46.56,47.6,47.36,0.54,327313184,6909900,13123
11/27/2019,46.2,47.38,45.49,47.34,46.38,2.91,521325408,11237900,26231
11/26/2019,46.35,46.38,45.56,46,45.93,-1.28,704131008,15330000,31373
11/25/2019,46.76,46.94,46.27,46.6,46.52,-0.32,345698400,7430100,17529
11/22/2019,46.09,46.9,45.92,46.75,46.63,1.47,356297408,7639800,17601
11/21/2019,45.75,46.49,45.65,46.38,46.19,1.28,519770528,11252800,24719
11/19/2019,46.35,46.47,45.71,45.79,45.93,-0.45,372937024,8118000,20022
11/18/2019,47,47.15,46,46,46.51,-1.09,724962240,15585600,26606
11/14/2019,46.13,46.75,45.76,46.51,46.46,1.21,559078976,12033500,29558
11/13/2019,46.43,46.69,45.81,45.95,46.17,-1.64,604356032,13087600,28423
11/12/2019,47.03,47.54,46.35,46.72,46.79,-1.1,772435520,16508300,35000
11/11/2019,46.74,47.43,46.41,47.24,47.09,0.51,476768480,10123900,29968
11/8/2019,47.36,47.75,46.56,47,47.21,-1.4,793444992,16805900,32451
11/7/2019,48.05,48.48,47.46,47.67,47.82,0,693367104,14498100,32170
11/6/2019,48,48.48,47.35,47.67,47.7,-0.66,517283488,10844200,30074
11/5/2019,47.8,48.45,47.63,47.99,48,0.62,443820544,9246200,23547
11/4/2019,48.15,48.55,47.4,47.69,47.84,-0.56,532130112,11123000,26983
11/1/2019,48.44,48.8,47.45,47.96,47.93,-0.39,589863360,12304300,28830
10/31/2019,48.9,49,47.95,48.15,48.22,-2.56,683422528,14170300,32781
10/30/2019,48.61,49.42,47.53,49.42,48.58,1.56,765179520,15748200,29183
10/29/2019,48.59,49.11,48.46,48.66,48.8,-0.26,507276192,10394400,23322
10/28/2019,47.85,48.79,47.7,48.79,48.38,2.22,701592064,14499600,28885
10/25/2019,47.28,48.05,47.11,47.73,47.6,0.9,497986528,10461600,25524
10/24/2019,47.74,48.08,46.71,47.3,47.48,-0.63,1051343936,22140500,36550
10/23/2019,47.35,48.36,46.88,47.6,47.59,0.42,988222464,20761300,43959
10/22/2019,46.5,47.67,46.44,47.4,47.16,2.15,806412480,17097300,39260
10/21/2019,46.3,46.75,45.77,46.4,46.27,0.73,728927040,15751100,35321
10/18/2019,46,46.55,45.5,46.06,46.07,2.56,2170665728,47116600,56452
10/17/2019,45.33,45.7,44.58,44.91,45.11,-0.2,1125879552,24953800,36221
10/16/2019,44.4,45.36,43.9,45,44.57,1.39,679374656,15239700,43382
10/15/2019,44.97,45.18,44.27,44.38,44.55,-1.37,658837888,14788500,32863
10/14/2019,45.24,45.56,44.83,45,45.19,-0.5,310227712,6863500,17916
10/11/2019,44.8,45.39,44.75,45.23,45.23,1.86,411971264,9108300,20794
10/10/2019,44.29,44.82,44.02,44.4,44.47,0.45,287704512,6469000,17022
10/9/2019,43.57,44.34,43.1,44.2,43.74,2.76,405291008,9264000,21082
10/8/2019,44.2,44.33,43.01,43.01,43.47,-1.8,511959296,11777200,32730
10/7/2019,45.1,45.23,43.76,43.8,44.38,-3.94,587842944,13243600,34328
10/4/2019,45.37,45.6,44.62,45.6,45.22,0.68,326897984,7228200,21322
10/3/2019,43.77,45.29,43.62,45.29,44.58,4.3,685891008,15384000,34761
10/2/2019,44.61,44.61,43.36,43.42,43.6,-3.4,838199552,19222600,44128
10/1/2019,45.71,45.71,44.81,44.95,45.09,-1.18,297300416,6592200,20125
9/30/2019,45.5,45.9,45.48,45.49,45.69,0.33,248166016,5431300,19047
9/27/2019,45.5,46.08,45.25,45.34,45.69,-0.8,362660672,7936500,19696
9/26/2019,45.79,46.21,45.21,45.71,45.77,0.37,400994336,8760600,25757
9/25/2019,45.84,45.84,44.8,45.54,45.34,-0.65,494928064,10914800,34969
9/24/2019,47.39,47.56,45.6,45.84,46.14,-3.04,553654464,11999100,32766
9/23/2019,47.44,47.74,46.86,47.28,47.17,-0.48,271148064,5747300,16950
9/20/2019,47,47.98,46.9,47.51,47.44,1.58,725793280,15297300,28973
9/19/2019,48.41,48.7,46.77,46.77,47.69,-2.6,460865472,9661800,26487
9/18/2019,47.46,48.25,47.16,48.02,47.87,1.52,408306848,8528300,20546
9/17/2019,46.39,47.45,46.12,47.3,47.1,1.39,317704320,6744200,22200
9/16/2019,47.04,47.56,46.3,46.65,46.92,-1.03,383675584,8175500,22404
9/13/2019,48.07,48.5,46.9,47.14,47.6,-1.79,379621056,7975100,26100
9/12/2019,48.32,48.37,47.4,48,47.88,0.43,488412960,10199500,26928
9/11/2019,49.5,49.97,47.99,47.99,48.54,-2.37,684171456,14094600,30568
9/10/2019,50.35,50.5,48.88,49.16,49.29,-1.68,416482752,8448200,24899
9/9/2019,49.55,50.53,49.27,50,50.01,1.23,674407616,13483300,35729
9/6/2019,47.9,49.39,47.9,49.39,48.91,4.06,686759168,14039100,36514
9/5/2019,46.1,47.78,46.09,47.46,47.28,3.48,584358208,12359200,26785
9/4/2019,45.38,45.93,44.98,45.86,45.48,2.36,319637024,7026800,21299
9/3/2019,45.4,46.32,44.62,44.8,45.14,-1.86,500107008,11078700,26605
9/2/2019,46.24,46.79,45.4,45.65,45.97,-1.27,247751616,5389200,14445
8/30/2019,45.18,46.56,45.09,46.24,46.08,2.57,552368064,11986000,26111
8/30/2019,45.18,46.56,45.09,46.24,46.08,2.57,552368064,11986000,26111
8/29/2019,44.21,45.22,44.03,45.08,44.64,2.43,390384320,8744900,23992
8/28/2019,43.96,44.3,43.64,44.01,43.92,-0.83,371270080,8452100,26463
8/27/2019,45.35,45.6,43.44,44.38,44.41,-0.8,559804672,12602900,29868
8/26/2019,45.38,45.7,43.76,44.74,44.56,-0.46,311846112,6997400,20003
8/23/2019,46.1,46.54,44.72,44.95,45.31,-3.64,591813632,13059000,39836
8/22/2019,47.4,47.56,46.38,46.65,46.87,-0.68,353104992,7532600,19420
8/21/2019,45.87,47.46,45.74,47.35,46.66,5.71,636971648,13650300,35016
8/20/2019,45.02,45.18,44.07,44.79,44.72,-0.08,295169312,6599800,21308
8/19/2019,46,46.69,44.73,44.83,45.55,-1.96,476293696,10455600,25275
8/16/2019,46.35,46.55,45.35,45.73,45.75,-0.26,446022496,9747600,20607
8/15/2019,46.15,46.64,45.25,45.85,45.88,-0.08,497689632,10846200,28276
8/14/2019,46.95,47.07,45.69,45.89,46.24,-3.49,531882912,11501500,30821
8/13/2019,46.94,48.25,46.79,47.55,47.74,1.17,460023552,9635700,28480
8/12/2019,47.71,47.8,46.96,47,47.22,-3.39,502925248,10649600,28418
8/9/2019,48.86,49.18,48.3,48.65,48.69,-0.3,404490400,8307100,23434
8/8/2019,49.64,49.68,48.47,48.8,48.91,0.72,595830336,12180400,32710
8/7/2019,48.3,48.78,47.55,48.45,48.12,-0.1,549543808,11418500,31616
8/6/2019,48.49,49.07,48.21,48.5,48.59,1.35,416677344,8574100,23307
8/5/2019,47.74,48.76,47.42,47.85,47.88,-1.86,406342880,8485400,29219
8/2/2019,48.75,49.35,48,48.76,48.53,0.02,403004224,8303900,26596
8/1/2019,49.8,50.47,48.69,48.75,49.47,-0.95,735084032,14858500,39106
7/31/2019,50.1,50.2,49.2,49.22,49.63,-1.44,562532608,11333700,28708
7/30/2019,50.22,50.7,49.11,49.94,49.99,-1.01,462229664,9245000,26992
7/29/2019,50.15,50.64,49.82,50.45,50.3,0.9,256166016,5092200,16336
7/26/2019,50.8,50.81,49.93,50,50.18,-0.23,406966912,8108800,21874
7/25/2019,52.38,52.52,50.06,50.12,50.66,-4.22,897430784,17712000,35488
7/24/2019,51.56,52.65,51.47,52.33,52.26,1.8,804231680,15387500,28910
7/23/2019,52.27,52.38,51.4,51.4,51.58,-1.17,653604544,12670600,24384
7/22/2019,52.48,52.66,51.97,52.01,52.29,0.01,334089280,6388400,15135
7/19/2019,52.25,52.95,52,52,52.36,-1.25,463427744,8849600,22148
7/18/2019,51.97,53.25,51.87,52.66,52.53,1.69,654673536,12461000,25550
7/17/2019,51.8,52.17,51.51,51.78,51.73,0.01,357616736,6912500,18593
7/16/2019,52,52.19,51.51,51.77,51.78,0.15,536003616,10351100,22850
7/15/2019,52.21,52.39,51.06,51.69,51.66,-0.59,553217856,10708500,30095
7/12/2019,53.52,53.62,51.8,52,52.35,-2.25,666933248,12738500,30567
7/11/2019,54.13,54.13,52.81,53.2,53.26,-1.95,780604288,14656000,33522
7/10/2019,55.6,55.7,53.79,54.26,55,-1.25,689234816,12529600,37077
7/8/2019,55.19,55.35,54.82,54.95,55.08,-0.09,361787936,6567500,11783
7/5/2019,55,55.37,54.32,55,54.94,-0.32,515978272,9391600,18478
7/4/2019,54.79,55.18,54.68,55.18,54.98,1.62,504083712,9167100,24200
7/3/2019,53.4,54.3,52.53,54.3,53.6,2.08,638161920,11904200,24676
7/2/2019,53.72,54.25,52.77,53.19,53.46,-1.28,565950400,10586200,32564
7/1/2019,54.56,54.67,53.51,53.88,53.99,-0.11,447241120,8283200,22307
6/28/2019,54.28,54.28,53.35,53.94,53.83,0.26,764348416,14197400,20005
6/27/2019,53.2,54.17,52.94,53.8,53.57,0.2,723963008,13513800,30130
6/26/2019,52.98,53.73,52.7,53.69,53.42,2.16,695146880,13012300,25445
6/25/2019,52.8,53.6,52.25,52.55,52.94,-0.92,830303168,15682100,36004
6/24/2019,52.99,53.9,52.64,53.04,53.33,0.24,481826400,9033600,25115
6/21/2019,52.6,53.5,52.6,52.91,53.15,0.78,778413760,14645400,30745
6/19/2019,51.5,52.5,51.11,52.5,51.87,1.64,413110336,7964300,23455
6/18/2019,50.85,52.05,50.78,51.65,51.59,2.33,630123200,12212600,28542
6/17/2019,50.38,51.05,50.14,50.47,50.63,-0.09,346624704,6846000,15221
6/14/2019,51.34,51.5,49.94,50.52,50.53,-1.76,662062464,13100600,26749
6/13/2019,52.25,52.67,51.27,51.43,51.88,-1.58,805896320,15531800,30089
6/12/2019,52.88,53,51.92,52.26,52.38,-0.93,461985984,8819600,26399
6/11/2019,52.4,52.9,51.84,52.9,52.46,1.98,689001536,13132800,35539
6/10/2019,52.05,52.2,50.97,51.87,51.53,-0.93,471131616,9141300,27108
6/7/2019,52.91,53.12,52.36,52.36,52.76,-0.81,364542912,6909100,19687
6/6/2019,52.07,52.86,51.45,52.79,52.27,2.54,417149600,7979900,19379
6/5/2019,52.86,52.94,51.19,51.48,51.82,-2.75,479736928,9256500,26020
6/4/2019,52.3,52.94,52.02,52.94,52.5,1.63,598831360,11404900,30010
6/3/2019,52.22,52.55,51.65,52.09,52.1,0.46,400816512,7692400,25278
5/31/2019,51.7,52.58,51.13,51.85,51.91,-0.19,527671456,10164600,24902
5/30/2019,51.1,52,51.06,51.95,51.75,1.46,466791840,9018800,22496
5/29/2019,50.93,51.68,50.63,51.2,51.24,-0.09,566778240,11061200,30861
5/28/2019,50.69,51.85,50.46,51.25,51.27,1.3,819900480,15991100,42344
5/27/2019,49.99,50.98,49.99,50.59,50.56,1.95,386369824,7641500,21281
5/24/2019,49.38,49.8,49.05,49.62,49.59,1.47,459954560,9273900,27318
5/23/2019,48.57,49.36,48.27,48.9,48.84,0.16,436406400,8934600,21522
5/22/2019,49.3,49.5,48.4,48.82,49.03,-0.11,402397984,8206200,21918
5/21/2019,46.91,49.38,46.91,49.23,48.58,5.71,690321344,14208300,46898
5/20/2019,45.15,46.84,44.91,46.57,46.3,3.83,605927360,13086100,34426
5/17/2019,45.45,46.46,44.55,44.85,45.42,-1.73,652297536,14360100,35591
5/16/2019,46.8,46.85,45.41,45.64,46.12,-3.12,676738240,14672800,38918
5/15/2019,47.5,47.62,46.63,47.11,47.17,-1.64,492733728,10443800,32115
5/14/2019,48.9,48.98,47.56,47.9,48.06,-0.97,463430496,9642400,25203
5/13/2019,48.71,49.39,48.34,48.37,48.76,-3.56,499737184,10248300,28086
5/10/2019,51.1,51.19,49.86,50.16,50.42,-1.7,452586272,8975300,32298
5/9/2019,50.91,51.26,50.12,51.03,50.75,0.86,780432576,15377500,46073
5/8/2019,49.5,50.84,49.5,50.59,50.59,2.22,731538432,14459600,40789
5/7/2019,49.08,49.68,48.22,49.49,49.09,0.24,532530656,10846100,26893
5/6/2019,49.47,49.67,49.18,49.37,49.4,-1.41,311979776,6314800,15503
5/3/2019,49.91,50.24,49.75,50.08,50.06,0.58,407128800,8131400,18292
5/2/2019,49.3,49.9,49.08,49.79,49.68,0.22,424684192,8547800,17252
4/30/2019,49.56,49.86,49.14,49.68,49.52,0.62,403596352,8149000,16466
4/29/2019,49.6,50.3,48.45,49.37,49.4,0.04,829065920,16781300,28142
4/26/2019,49,49.56,48.7,49.35,49.24,0.5,425195264,8634100,24092
4/25/2019,48.12,49.19,47.76,49.1,48.78,1.63,479504512,9829500,22641
4/24/2019,49.18,49.33,47.95,48.31,48.41,-2.02,504018080,10410400,19913
4/23/2019,48.98,49.35,48.67,49.31,49.1,2,376365952,7663900,18300
4/22/2019,48.78,48.78,48.02,48.34,48.35,-1.04,302690048,6259800,16103
4/18/2019,47.66,49.2,47.52,48.85,48.52,3.49,802614272,16539800,39360
4/17/2019,48.1,48.67,46.85,47.2,47.55,-1.31,955413312,20089500,38504
4/16/2019,46.95,48.2,46.5,47.83,47.59,2.06,631588032,13271400,34418
4/15/2019,47.3,47.77,46.16,46.86,47.1,0.27,602320448,12785800,32296
4/12/2019,46.85,48.35,46.3,46.73,47.14,-3.17,825125696,17500900,44360
4/11/2019,48.71,48.97,47.96,48.26,48.36,-1.12,413801984,8555100,19604
4/10/2019,48.84,49.08,48.17,48.81,48.73,0.74,392523520,8053700,23763
4/9/2019,48.89,48.89,47.91,48.45,48.41,-1.5,387487264,8004200,26252
4/8/2019,49.09,49.34,48.64,49.19,49,0.16,306292096,6250300,15921
4/5/2019,49.07,49.65,48.73,49.11,49.21,0.57,353840800,7189400,23845
4/4/2019,48.7,49.2,47.85,48.83,48.76,1.2,563363392,11552000,30962
4/3/2019,49.42,49.75,47.9,48.25,49.08,-1.06,908634816,18510800,26570
4/2/2019,49.5,49.81,48.71,48.77,49.13,-0.87,492945920,10032300,20454
4/1/2019,49.39,49.72,48.9,49.2,49.35,0.98,365019712,7395200,18877
3/29/2019,48.7,49.37,48.25,48.72,48.77,1.45,533443008,10937100,24382
3/28/2019,46.97,48.72,46.45,48.02,47.8,3.49,1045415360,21866400,47547
3/27/2019,48.25,48.25,46.4,46.4,47.19,-5.53,900090112,19072500,51841
3/26/2019,48.95,49.25,47.77,49.12,48.67,2.35,573424640,11781700,28376
3/25/2019,47.38,48.83,47,47.99,48.12,0.71,657821248,13670300,36210
3/22/2019,49.28,49.29,47.5,47.65,48.41,-5.43,1107895552,22882400,53692
3/21/2019,51.57,51.72,49.67,50.39,50.29,-2.09,794589184,15800000,45789
3/20/2019,52.69,52.88,51.47,51.47,51.94,-2.24,691622400,13314100,33771
3/19/2019,54,54.05,52.53,52.65,53.18,-2.13,449939296,8459700,24376
3/18/2019,54.56,54.6,53.7,53.8,53.96,-0.75,652776320,12096900,27488
3/15/2019,53.7,54.29,53.49,54.21,54.03,0.85,687078592,12714800,20377
3/14/2019,54,54.1,52.9,53.75,53.4,-0.75,434510080,8135600,23675
3/13/2019,53.2,54.56,52.91,54.16,53.57,1.53,513168064,9579100,22226
3/12/2019,53.47,53.79,52.39,53.34,53.11,-0.6,426471968,8029400,18291
3/11/2019,52.34,53.8,52.33,53.8,53.08,3.06,612336192,11535700,27014
3/8/2019,50.27,52.35,49.82,52.2,51.18,3.5,414260736,8093300,24360
3/7/2019,50.6,50.95,50.15,50.43,50.52,-0.33,426640896,8443500,21919
3/7/2019,50.6,50.95,50.15,50.43,50.52,-0.33,426640896,8443500,21919
3/6/2019,51.43,52.13,50.5,50.6,51.02,-1.38,263584000,5165800,17339
3/1/2019,50.76,51.51,50.66,51.31,51.13,1.4,474127424,9272200,29708
2/28/2019,52,52.14,50.52,50.6,50.82,-2.5,561374208,11046200,24593
2/27/2019,52.47,52.69,51.85,51.9,52.07,-1.14,326463744,6269600,16298
2/26/2019,52.3,52.92,52,52.5,52.42,0.53,382001760,7286800,18299
2/25/2019,53.67,53.77,52.2,52.22,52.66,-1.63,533985888,10139000,25264
2/22/2019,53.2,53.5,52.58,53.09,52.99,0.74,384769568,7260200,19279
2/21/2019,53.45,53.89,52.9,53.2,53.27,0.45,551023808,10342700,27470
2/20/2019,55.28,55.52,52.96,52.96,54.23,-2.82,904263872,16672300,43527
2/19/2019,54.43,55.91,54.32,54.5,55.25,0.42,748900672,13553400,33943
2/18/2019,54.36,54.78,53.53,54.27,54.34,-0.98,478717472,8809400,22100
2/15/2019,54.7,55.48,54.27,54.81,54.81,0.12,686975488,12532600,34574
2/14/2019,53.2,54.98,52.08,54.74,53.26,5.1,1483913472,27857700,50908
2/13/2019,53.29,53.75,51.65,52.08,52.26,-2.27,770668928,14744400,42340
2/12/2019,50.82,53.47,50.8,53.29,52.46,6.15,961909312,18333100,37619
2/11/2019,52,52.17,50.2,50.2,50.72,-2.95,480294336,9468000,23811
2/8/2019,51.55,52.76,50.91,51.73,51.77,0.13,520223008,10047300,24883
2/7/2019,52,52.76,50.1,51.66,51.49,0.66,806762304,15667000,34763
2/6/2019,53.85,53.92,51.32,51.32,52.45,-6.09,862230016,16436900,35750
2/5/2019,52.65,54.65,52.65,54.65,53.72,2.91,613905280,11426700,29461
2/4/2019,51.72,53.46,51.3,53.1,52.61,1.89,407193632,7739600,21882
2/1/2019,51.56,52.11,51.21,52.11,51.69,0.48,444769184,8604100,23351
1/31/2019,51,52.75,50.89,51.86,51.91,2.53,783282944,15088300,35883
1/30/2019,50,50.58,49.47,50.58,49.99,1.3,427491296,8550100,24603
1/29/2019,49,49.93,48.59,49.93,49.22,3.33,600724160,12203700,29857
1/28/2019,48,49.22,48,48.32,48.61,-1.28,408439008,8400800,23259
1/24/2019,49.19,49.57,48.75,48.95,49.13,-0.5,486562848,9903400,28294
1/23/2019,48.45,49.42,48.2,49.2,48.93,2.07,499022144,10197300,23355
1/22/2019,48.4,48.92,47.93,48.2,48.47,-0.18,494164992,10193300,18839
1/21/2019,48.62,48.75,47.7,48.29,48.11,-0.53,399320736,8299600,21060
1/18/2019,49.01,49.43,48.55,48.55,48.98,-0.83,640767872,13081700,24752
1/17/2019,48.84,49.49,48.4,48.96,48.88,0.36,634522368,12979300,30442
1/16/2019,49.35,49.42,48.67,48.78,49.02,-0.95,327245472,6674700,16250
1/15/2019,49.53,49.94,48.97,49.25,49.5,-1.16,457558496,9243100,18625
1/14/2019,48.7,49.83,48.5,49.83,49.18,2.32,441397280,8974400,25579
1/11/2019,48.48,48.89,48.12,48.7,48.66,0.41,334679776,6877500,20067
1/10/2019,47.45,48.81,47.15,48.5,48.26,1.46,495348768,10262600,26686
1/9/2019,48.35,48.35,47.48,47.8,47.84,-0.27,799860928,16718000,37631
1/8/2019,48.6,49.05,46.83,47.93,47.73,-1.13,693029056,14517300,33785
1/7/2019,48.83,49.47,48.17,48.48,48.84,-0.65,458799936,9393500,19597
1/4/2019,48.08,49.83,47.92,48.8,48.73,0,431765856,8859200,25102
1/3/2019,48.5,49.2,47.85,48.8,48.59,0.41,431452352,8879100,25924
1/2/2019,46.2,49.7,46.09,48.6,48.53,4.53,723388480,14905300,44353
12/28/2018,45.19,46.49,44.85,46.49,45.68,3.03,593221760,12985900,33032
12/27/2018,44.28,45.12,44.07,45.12,44.61,1.66,313841760,7034400,17766
12/26/2018,43.77,44.38,43.04,44.38,43.84,0.65,323504224,7378200,17355
12/21/2018,44.06,44.75,43.73,44.09,44.11,0.02,616532032,13974100,15749
12/20/2018,44,44.54,43.8,44.08,44.09,0.63,341364832,7741700,20982
12/19/2018,44,44.7,43.8,43.8,44.15,0,335203456,7590900,19403
12/18/2018,44,44.42,43.76,43.8,44.01,0.22,353677344,8036000,20963
12/17/2018,44.05,44.53,43.51,43.7,43.96,-0.9,288897568,6570700,17341
12/14/2018,43.77,44.5,43.65,44.1,44.14,0.04,313697184,7105700,17584
12/13/2018,43,44.25,42.64,44.08,43.65,2.55,350212512,8022000,19387
12/12/2018,43.19,43.6,42.86,42.98,43.21,0.22,538899264,12471100,30123
12/11/2018,43.3,43.55,42.48,42.99,42.99,0.58,400607872,9318100,21048
12/10/2018,43.95,44.25,42.6,42.74,43.19,-2.92,411192672,9518500,17987
12/7/2018,44.36,44.93,43.81,44.03,44.38,-0.76,347693120,7834000,19477
12/6/2018,43.48,44.37,43.08,44.37,43.72,0.61,360994336,8255600,24059
12/5/2018,43.85,44.17,43.42,44.1,43.81,1,216890256,4950700,11603
12/4/2018,44.11,44.6,43.33,43.66,43.95,-0.99,486840064,11076300,24032
12/3/2018,45.6,45.6,44.05,44.1,44.63,-1.18,556561792,12470500,38531
11/30/2018,45.28,45.32,44.3,44.63,44.83,-1.34,505114368,11265500,31981
11/29/2018,45.4,45.91,44.97,45.24,45.43,-1.13,440943168,9704000,19881
11/28/2018,45.3,45.8,44.36,45.76,45.26,1.57,599380608,13240700,29308
11/27/2018,44.05,45.4,43.65,45.05,44.81,2.36,603563456,13467400,28022
11/26/2018,45.07,45.73,43.62,44.01,44.64,-1.76,508009792,11379600,23353
11/23/2018,45,45.79,44.71,44.8,45.18,0.78,657063744,14543200,33183
11/22/2018,44.06,44.87,43.6,44.45,44.33,1.84,471164064,10627300,21795
11/21/2018,43.5,44.1,43.27,44,43.87,-0.22,546629248,12460100,25619
11/19/2018,43.11,44.3,42.84,44.1,43.62,2.34,699973824,16046600,29695
11/16/2018,42.08,43.1,41.83,43.09,42.65,3.16,638148352,14961700,32616
11/14/2018,41.75,42.01,40.93,41.77,41.53,0.16,649844224,15645500,28827
11/13/2018,42.25,42.63,41.53,41.7,42.14,-1.13,473108928,11226800,28432
11/12/2018,41.78,42.49,41.29,42.18,41.94,1.63,462009472,11014600,26516
11/9/2018,40.5,41.77,39.73,41.5,40.98,2.21,520539136,12701700,28357
11/8/2018,42.55,42.76,40.52,40.6,41.29,-2.05,715116032,17319300,38849
11/7/2018,42.78,43.08,40.86,41.45,41.79,-2.4,490763264,11743000,34857
11/6/2018,42.51,43.24,42.26,42.47,42.81,-2.16,517575840,12087500,23506
11/5/2018,43.55,43.59,42.72,43.41,43.13,0.06,448296448,10391700,30397
11/1/2018,42.8,43.56,42.44,43.38,43.14,1.47,677695552,15709200,35451
10/31/2018,43.45,43.6,41.62,42.75,42.49,-0.81,528207648,12428600,31421
10/30/2018,42.62,43.4,41.72,43.1,42.77,2.93,956589376,22364100,51469
10/29/2018,44,44.5,41.24,41.87,43.23,-1.29,1594164608,36870500,74808
10/26/2018,40.5,42.57,39.62,42.42,40.81,5.78,839886976,20575700,46132
10/25/2018,39.65,40.35,39.41,40.1,39.95,2.55,578570368,14481500,33301
10/24/2018,40.05,40.32,39.06,39.1,39.73,-2.22,548882496,13813200,29619
10/23/2018,39.24,40.19,39.11,39.99,39.62,0.35,549380416,13862900,26383
10/22/2018,39.85,40.24,39.71,39.85,39.97,0.68,403331776,10089700,23399
10/19/2018,39.83,39.86,39.16,39.58,39.53,0.84,386967520,9787200,19729
10/18/2018,39.32,39.98,39.22,39.25,39.57,-1.15,627734080,15863700,24940
10/17/2018,38.78,39.74,38.61,39.71,39.46,0.86,643130880,16295800,32793
10/16/2018,38.21,39.5,38.21,39.37,38.98,4.37,709446592,18196300,38075
10/15/2018,37.92,38.44,37.41,37.72,37.81,1.39,500182240,13226100,36630
10/11/2018,38,38.17,36.79,37.2,37.66,-0.4,718093376,19067000,33846
10/10/2018,38.2,38.2,37.12,37.35,37.5,-4.23,781610560,20840800,37501
10/9/2018,38.91,39.7,38.4,39,39.13,-0.51,993540544,25385300,41151
10/8/2018,40.5,40.75,38.57,39.2,39.38,9.68,1651574144,41931900,73620
10/5/2018,36.05,36.29,34.59,35.74,35.51,1.76,840648000,23667700,49645
10/4/2018,33.68,35.88,33.52,35.12,34.46,2.45,962350912,27920000,42231
10/3/2018,35,35.42,33.33,34.28,34.32,9.06,1212926720,35336300,65490
10/2/2018,29.7,31.56,29.65,31.43,30.43,11.41,997936640,32791500,52967
10/1/2018,29.55,29.76,28.2,28.21,28.58,-4.21,448201664,15677500,22740
9/28/2018,29.83,29.98,29.3,29.45,29.63,-2.77,379007520,12790900,17077
9/27/2018,29.68,30.3,29.68,30.29,30.12,2.85,264100976,8767900,16260
9/26/2018,29.65,29.97,29.21,29.45,29.6,-0.33,380243680,12842400,24493
9/25/2018,29.03,29.76,28.81,29.55,29.25,-0.6,343501856,11742900,21148
9/24/2018,30.38,30.7,29.5,29.73,29.95,-2.77,392075328,13086900,16703
9/21/2018,29.73,30.58,29.34,30.58,30.14,3.66,491415936,16301600,23662
9/20/2018,29.88,29.92,29.17,29.5,29.48,0.27,190058880,6445800,16014
9/19/2018,29.35,30.25,29.05,29.42,29.64,-1,351884320,11869300,23687
9/18/2018,28.39,29.72,28.27,29.72,29.22,4.46,465120800,15914000,39791
9/17/2018,27.4,28.45,27.3,28.45,28.01,3.41,400380448,14290300,21398
9/14/2018,27.29,27.64,26.76,27.51,27.29,0.8,305753504,11201700,24369
9/13/2018,27.9,27.95,27.12,27.29,27.46,-1.33,186660224,6797100,17616
9/12/2018,28,28.16,27.47,27.66,27.89,0.4,442735360,15871600,23919
9/11/2018,28.24,28.25,27.57,27.62,27.84,-4.52,344773888,12381000,24114
9/10/2018,29.73,29.92,28.75,28.93,29.17,-1.36,410206816,14060800,28694
9/6/2018,29.2,29.5,28.4,29.33,28.88,2.23,294735104,10203100,21928
9/5/2018,28.31,29.26,28.1,28.69,28.77,0.17,215341600,7484400,16415
9/4/2018,29.4,29.49,28.52,28.64,28.89,-2.55,318902144,11037500,15573
9/3/2018,29.86,29.92,29.39,29.39,29.63,-2.35,175247968,5914200,12094
8/31/2018,29.96,30.73,29.72,30.1,30.24,0.56,327380192,10822800,17851
8/31/2018,29.96,30.73,29.72,30.1,30.24,0.56,327380192,10822800,17851
8/30/2018,30.96,30.96,29.82,29.93,30.25,-3.73,334994432,11072100,21656
8/29/2018,30.64,31.43,30.5,31.09,31.05,2.26,251903360,8111700,16932
8/28/2018,30.6,30.85,30.25,30.4,30.48,-0.49,185085232,6072300,14646
8/27/2018,29.8,30.55,29.75,30.55,30.23,3.07,210430128,6959700,12335
8/24/2018,29.93,30.08,28.9,29.64,29.55,1.36,313343904,10600900,24672
8/23/2018,30,30.58,29.15,29.24,29.84,-2.53,514440992,17236400,37749
8/22/2018,29,30.19,28.73,30,29.61,3.47,408902752,13807200,30601
8/21/2018,30.3,30.48,29.18,29.22,29.73,-3.97,452876256,15229000,34946
8/20/2018,31.27,31.52,30.2,30.43,30.6,-2.65,484510976,15831700,34623
8/17/2018,31.9,32.24,31.21,31.26,31.57,-3.51,445003616,14094300,32326
8/16/2018,32.68,32.92,32.2,32.4,32.55,0.3,316168032,9712800,16053
8/15/2018,32.4,32.72,32.1,32.3,32.37,-2.12,415322016,12827000,20748
8/14/2018,32.45,33.06,32.15,33,32.62,3.44,278989984,8551200,19818
8/13/2018,31.6,32.2,31.2,31.9,31.79,0.47,283086656,8903700,21818
8/10/2018,33.05,33.13,31.5,31.75,32,-5.5,640314112,20007700,35638
8/9/2018,33.2,33.92,33.1,33.6,33.42,2.97,522170048,15623500,33655
8/8/2018,33.65,33.92,32.57,32.63,33.23,-2.8,306684416,9226800,23503
8/7/2018,34.4,34.67,33.17,33.57,33.98,-2.12,342361792,10073800,25089
8/6/2018,34.36,34.5,33.92,34.3,34.23,0.2,172730672,5046000,12441
8/3/2018,33.52,34.52,33.43,34.23,34.06,3,434476576,12755500,25905
8/2/2018,32.75,33.6,32.65,33.23,33.26,0.78,257838016,7750900,14715
8/1/2018,32.22,33.25,32.22,32.97,32.92,1.44,252684112,7674600,16402
7/31/2018,32.76,32.84,32.09,32.5,32.44,-1.18,225738432,6957100,17169
7/30/2018,33,33.25,32.77,32.89,32.97,0.03,158173552,4796900,8348
7/27/2018,32.7,33.3,32.45,32.88,32.86,1.23,218841696,6658600,15560
7/26/2018,33.54,33.67,32.41,32.48,32.94,-3.24,251086832,7621400,19381
7/25/2018,33.14,33.74,33.14,33.57,33.49,1.6,279264352,8337600,19722
7/24/2018,33.2,33.42,32.88,33.04,33.08,0.79,213969840,6468000,12452
7/23/2018,33,33.2,32.63,32.78,32.86,-0.66,184806720,5622900,11251
7/20/2018,32.5,33.33,32.07,33,32.89,5.29,643772608,19568500,42144
7/19/2018,31.17,31.34,30.37,31.34,30.74,-0.88,840465280,27335300,28586
7/18/2018,31.8,32.23,31.39,31.62,31.62,-0.62,406081696,12842500,26106
7/17/2018,30.63,32.1,30.57,31.82,31.52,3.34,364941376,11575800,25384
7/16/2018,31.08,31.37,30.45,30.79,30.95,-1.09,275164992,8889800,20346
7/13/2018,30.3,31.13,30.16,31.13,30.73,2.53,309319840,10064100,18994
7/12/2018,29.9,30.54,29.9,30.36,30.36,1.91,302568288,9964000,17646
7/11/2018,28.95,29.98,28.71,29.79,29.62,1.98,431566720,14568700,19045
7/10/2018,29.9,30.21,29,29.21,29.61,-0.84,433133760,14625100,21262
7/6/2018,29.54,30.04,29.06,29.46,29.47,-1.1,269396064,9140400,19901
7/5/2018,30.68,30.79,29.61,29.79,30.12,-2.32,297524448,9877400,22992
7/4/2018,29.84,30.54,29.46,30.5,30.06,2.86,191294848,6362400,12946
7/3/2018,29.64,30.1,29.54,29.65,29.78,0.88,301346304,10117900,25515
7/2/2018,28.28,29.4,28.2,29.39,28.81,2.58,249894704,8673300,22348
6/29/2018,28.58,28.9,28.05,28.65,28.56,1.77,393312096,13771200,32078
6/28/2018,26.53,28.15,26.53,28.15,27.55,5.74,307587456,11161000,19377
6/27/2018,27.18,28.17,26.53,26.62,27.42,-2.06,402067072,14659000,34460
6/26/2018,27.06,27.48,26.77,27.18,27.1,1.19,323661952,11940500,26261
6/25/2018,26.35,27,25.97,26.86,26.37,2.91,292840576,11104100,19821
6/22/2018,26.33,26.62,25.89,26.1,26.21,0.34,227377568,8674400,20312
6/21/2018,26.78,26.98,25.91,26.01,26.33,-3.66,270642272,10276000,29077
6/20/2018,26.67,27.03,26.12,27,26.61,2.89,443216352,16649900,27821
6/19/2018,24.26,26.8,24.14,26.24,25.97,7.01,413571200,15920200,37678
6/18/2018,24.78,25.35,24.52,24.52,24.83,-1.92,279320960,11245800,27410
6/15/2018,25.3,25.4,24.31,25,24.86,-1.18,746972992,30036900,39908
6/14/2018,26.75,26.88,25.3,25.3,25.87,-4.52,380238112,14695600,23594
6/13/2018,27,27.25,25.94,26.5,26.54,-1.81,425105248,16014100,27887
6/12/2018,26.3,27.32,26.07,26.99,26.73,3.83,372287040,13926600,29328
6/11/2018,27.4,27.6,26.01,26.06,26.57,-3.3,268841376,10115900,26038
6/8/2018,26.85,27.78,25.16,26.95,26.69,1.43,600659648,22504900,56575
6/7/2018,27.1,27.27,25,26.57,26.25,-4.01,696098688,26508700,55344
6/6/2018,29,29.24,27.68,27.68,28.22,-4.94,401338720,14217000,35111
6/5/2018,30.85,30.96,29.07,29.12,29.91,-6.36,358697728,11989800,24634
6/4/2018,31.22,31.4,30.78,31.1,31.1,1.43,259759200,8349900,21906
6/1/2018,31.14,31.28,29.12,30.66,29.99,0.95,603874816,20132000,51610
5/30/2018,28.55,30.37,28.54,30.37,29.74,6.52,644081856,21656500,38321
5/29/2018,28.6,28.95,27.81,28.51,28.39,2.25,413135360,14549100,42454
5/28/2018,29.7,29.7,27.73,27.88,28.4,-7.34,416367424,14659600,34453
5/25/2018,31.16,31.29,29.95,30.09,30.58,-2.08,295914944,9675400,23684
5/24/2018,30.6,31.2,30.19,30.73,30.7,-3.05,624887872,20349000,46647
5/23/2018,32,32.25,31.6,31.7,31.8,-2.16,282178432,8873000,18917
5/22/2018,32.15,32.83,31.93,32.4,32.41,2.11,346696480,10694800,23105
5/21/2018,33.49,33.49,31.9,31.91,32.34,-2.38,308520128,9539100,23644
5/18/2018,32.3,32.96,31.6,32.69,32.29,-0.54,381038624,11799100,28927
5/17/2018,34.39,34.39,32.85,32.87,33.25,-4.64,456321056,13723600,34119
5/16/2018,34,34.73,34,34.47,34.48,1.47,258148400,7486300,18651
5/15/2018,34.4,34.4,33.69,33.97,33.93,-2.72,412483264,12155100,25539
5/14/2018,35.81,36.23,34.4,34.92,35.2,-2.48,310042624,8806800,24421
5/11/2018,36.32,36.54,35.59,35.81,36.02,-0.47,329312320,9142300,19907
5/10/2018,36.97,36.97,35.81,35.98,36.15,-3.66,740557312,20485000,31587
5/9/2018,36.1,37.35,35.96,37.35,36.62,4.21,479222784,13083200,27693
5/8/2018,35.15,36.19,35,35.84,35.58,2.72,316102496,8884200,21576
5/7/2018,35.18,35.67,34.89,34.89,35.22,-0.11,260899840,7406900,18324
5/4/2018,35,35.31,34.62,34.93,34.95,-0.2,246447376,7049500,18508
5/3/2018,36,36.22,35,35,35.34,-2.83,309691904,8761300,23871
5/2/2018,36.5,36.71,35.8,36.02,36.11,-1.85,235027616,6507600,19979
4/30/2018,37.5,37.6,36.55,36.7,36.9,-1.74,202457648,5485700,10864
4/27/2018,37.6,37.84,37.19,37.35,37.5,0,231340208,6168600,19273
4/26/2018,37.33,37.57,36.97,37.35,37.29,0.78,236155920,6331600,19233
4/25/2018,36.33,37.13,35.9,37.06,36.47,1.31,256004240,7018400,18529
4/24/2018,37.11,37.38,36.34,36.58,36.72,-0.97,364558496,9927400,21715
4/23/2018,37.35,37.36,36.48,36.94,36.86,-1.8,346833568,9408800,17956
4/20/2018,37.67,37.95,37.35,37.62,37.64,-1.1,197287808,5240600,12067
4/19/2018,38.13,38.2,37.6,38.04,37.82,0.05,373795136,9881000,18520
4/18/2018,37.33,38.5,37.33,38.02,38.13,2.28,443904256,11640100,23811
4/17/2018,36.68,37.31,36.5,37.17,36.88,2.39,276054112,7483700,19846
4/16/2018,37.9,38.19,36.3,36.3,36.88,-3.56,419845824,11382900,28711
4/13/2018,39,39.15,37.64,37.64,38.05,-3.36,382030752,10039500,20775
4/12/2018,39.12,39.45,38.9,38.95,39.16,-0.25,229653408,5863300,12692
4/11/2018,38.4,39.45,38.4,39.05,39.14,0.82,220787744,5640000,20108
4/10/2018,39.83,39.83,38.21,38.73,38.69,-1.19,504037600,13025800,31414
4/9/2018,40.68,40.91,38.74,39.2,39.47,-3.63,329370400,8344600,22645
4/6/2018,41.02,41.02,40.02,40.68,40.51,-1.31,313674784,7741500,17853
4/5/2018,41.74,41.75,40.88,41.22,41.31,2.92,496768288,12022800,28803
4/4/2018,38.81,40.05,38.72,40.05,39.29,0.83,301614528,7675500,18425
4/3/2018,40.37,40.75,39.59,39.72,40.11,-1.31,258723344,6449200,14601
4/2/2018,41.04,41.14,40.18,40.25,40.56,-1.9,312811872,7711800,20631
3/29/2018,40.61,41.5,40.45,41.03,41.04,1.76,314316992,7658300,22780
3/28/2018,40.1,40.57,39.73,40.32,40.13,-0.32,319162688,7951800,22582
3/27/2018,41.71,41.75,40.05,40.45,40.88,-2.48,463370976,11333200,18712
3/26/2018,41.79,41.9,41.18,41.48,41.49,0.67,170465120,4107700,13454
3/23/2018,41.12,41.9,40.76,41.2,41.37,-0.69,369714592,8936700,20931
3/22/2018,41.89,42.53,41.14,41.49,41.9,-1.79,331489696,7910300,16660
3/21/2018,41.52,42.3,41.28,42.25,41.7,1.66,505468096,12119200,19411
3/20/2018,41.69,41.82,41.07,41.56,41.43,0.38,248760752,6004100,13443
3/19/2018,42.2,42.33,41.33,41.4,41.75,-2.35,439277632,10521100,19808
3/16/2018,42.5,42.82,42.09,42.4,42.46,0.02,995674816,23449400,20690
3/15/2018,42.19,42.43,41.69,42.39,42.12,-0.21,368773152,8754700,17080
3/14/2018,42.99,43.08,42.01,42.48,42.36,-0.86,632973952,14940000,17659
3/13/2018,43.48,43.57,42.69,42.85,43,-1.29,365343808,8494700,17958
3/12/2018,43.71,43.71,43,43.48,43.3,-0.52,378830208,8748700,21168
3/12/2018,43.71,43.71,43,43.48,43.3,-0.52,378830208,8748700,21168
3/9/2018,43.51,44.05,43.09,43.71,43.68,0.66,400706624,9173400,22251
3/8/2018,44,44.3,42.88,43.42,43.59,0.53,391628096,8983800,20719
3/7/2018,43.1,43.6,42.61,43.19,43.08,-0.68,340562656,7905300,18745
3/6/2018,42.8,43.96,42.8,43.49,43.6,2.2,651512960,14942600,37414
3/5/2018,42.25,42.88,41.92,42.55,42.48,0.82,256458992,6035900,20072
3/2/2018,41.56,42.41,41.2,42.2,41.84,0.73,237846544,5683600,16168
3/1/2018,41.78,42.25,41.6,42.1,42,0.71,303890528,7234200,25514
2/28/2018,42.3,42.88,41.52,41.8,42.02,-1.87,326651776,7773500,20438
2/27/2018,42.85,43.1,42.3,42.6,42.77,-0.97,254823920,5957000,13926
2/26/2018,42.52,43.11,42.52,43.02,42.9,1.46,300096032,6994200,18749
2/23/2018,42.5,42.69,41.95,42.4,42.33,0,364730400,8615600,19367
2/22/2018,43.13,43.28,42.14,42.4,42.69,3.11,729016256,17075800,36102
2/21/2018,40.7,41.44,40.7,41.12,41.09,0.78,486179200,11831700,27642
2/20/2018,39.25,40.93,39.13,40.8,40.17,2.95,361155200,8990400,21606
2/19/2018,40.2,40.56,39.18,39.63,39.89,-1.66,183852784,4608900,10962
2/16/2018,40.13,40.31,39.7,40.3,40.04,1,263406208,6577100,15584
2/15/2018,40,40.2,39.6,39.9,39.9,0.85,448113376,11229500,21286
2/14/2018,38.05,39.74,38.05,39.56,38.88,4.6,419538848,10787900,23913
2/9/2018,38.66,38.79,37.26,37.82,37.96,-1.86,382167456,10066800,29374
2/8/2018,40.01,40.22,38.54,38.54,39.3,-3.14,497278304,12651200,28907
2/7/2018,39.73,40.61,39.49,39.79,40.05,0.1,560455936,13992300,31295
2/6/2018,37.65,40.08,37.31,39.75,38.84,4.38,506599232,13040200,33964
2/5/2018,38.8,39.41,38.03,38.08,38.78,-2.98,234408048,6043400,15150
2/2/2018,39.3,39.59,39.05,39.25,39.28,-1.35,330401024,8409600,25227
2/1/2018,39.43,40.05,39.38,39.79,39.84,0.27,437963008,10992500,30910
1/31/2018,39.4,40.1,39.4,39.68,39.89,2.26,508715392,12752900,26045
1/30/2018,38.47,38.95,38.3,38.8,38.71,-0.38,419368256,10832100,19284
1/29/2018,38.91,39.2,38.51,38.95,38.95,-0.56,518908928,13322200,32200
1/26/2018,38.4,39.5,38.15,39.17,38.93,3.1,944495872,24260100,78263
1/24/2018,35.5,37.99,35.44,37.99,37.01,7.92,1026047552,27722100,54266
1/23/2018,34.97,35.49,34.7,35.2,35.09,0.37,622321024,17731400,32402
1/22/2018,35,35.2,34.52,35.07,34.85,0.34,221007408,6341000,18809
1/19/2018,35.31,35.8,34.95,34.95,35.21,-0.65,286782176,8142700,14768
1/18/2018,35.58,35.58,34.73,35.18,35.19,-0.67,331878368,9429400,19247
1/17/2018,34.61,35.57,34.46,35.42,34.99,2.36,424601632,12134800,24141
1/16/2018,34.47,34.69,34.33,34.6,34.55,0.87,214882768,6219300,15287
1/15/2018,34.13,34.45,34.13,34.3,34.31,0.49,179991248,5244600,12407
1/12/2018,33.67,34.16,33.62,34.13,33.91,0.23,259491824,7650400,17238
1/11/2018,33.43,34.22,33.35,34.05,33.8,2.28,327374208,9684400,15340
1/10/2018,33.2,33.59,32.82,33.29,33.38,-0.41,169259424,5070000,13295
1/9/2018,33.59,33.8,33.38,33.43,33.56,-0.94,195449072,5822500,13350
1/8/2018,33.64,33.75,33.34,33.75,33.63,0.23,172545632,5130600,14173
1/5/2018,33.7,33.9,33.29,33.67,33.61,0,177069424,5267800,14131
1/4/2018,33.52,33.96,33.45,33.67,33.8,0.95,325419136,9625200,22591
1/3/2018,33.1,33.42,32.82,33.35,33.18,1.27,271293056,8175100,20965
1/2/2018,32.09,32.93,32.09,32.93,32.72,3.48,300320800,9178100,22561
12/28/2017,32.2,32.37,31.82,31.82,32.06,-0.65,195932176,6109600,13208
12/27/2017,31.66,32.09,31.66,32.03,31.99,1.23,150132800,4692400,11148
12/26/2017,31.29,31.85,31.29,31.64,31.66,1.08,117295840,3704000,8948
12/22/2017,31.12,31.48,31.05,31.3,31.31,0.35,98013504,3130100,8214
12/21/2017,31,31.59,30.68,31.19,31.23,1.1,266483760,8532100,20030
12/20/2017,31.1,31.25,30.81,30.85,30.99,0.06,142396784,4594600,14322
12/19/2017,30.88,31.13,30.6,30.83,30.86,-0.58,147401344,4775400,12948
12/18/2017,31,31.25,30.67,31.01,31.01,1.33,221548928,7142300,17503
12/15/2017,30.42,30.9,30.3,30.6,30.65,0.55,321983872,10503200,17504
12/14/2017,30.4,30.76,30.06,30.43,30.39,-0.39,230635680,7587400,15839
12/13/2017,31.62,31.9,30.41,30.55,31.34,-2.39,499617248,15939500,27573
12/12/2017,30.5,31.3,30.15,31.3,30.6,2.18,266176576,8697000,20052
12/11/2017,31.35,31.6,30.7,30.7,31.14,-0.8,223242816,7167500,14643
12/8/2017,31.48,31.61,30.95,30.95,31.35,0.58,191757072,6115600,13275
12/7/2017,31.2,31.36,30.49,30.77,30.92,-3.87,453486496,14666200,28518
12/6/2017,30.92,32.01,30.51,32.01,31.21,3.02,287087680,9198200,20491
12/5/2017,31.48,32.3,30.85,31.07,31.7,-1.45,291743616,9200500,20048
12/4/2017,31,31.98,30.91,31.53,31.63,2.43,266679168,8429700,19935
12/1/2017,29.95,30.84,29.62,30.78,30.48,2.83,340102720,11157000,21763
11/30/2017,31.1,31.1,29.93,29.93,30.36,-3.94,486046272,16008600,35142
11/29/2017,32.72,32.9,31.16,31.16,31.82,-4.53,409889088,12881200,25168
11/28/2017,32.56,32.99,32.22,32.64,32.71,1.49,240216848,7342500,16403
11/27/2017,32.48,32.48,31.8,32.16,32.07,-1.34,183427376,5718900,16668
11/24/2017,32.74,32.75,32.31,32.6,32.55,-0.54,177087216,5439100,13956
11/23/2017,32.6,32.96,32.07,32.78,32.48,0.12,139624480,4297600,10270
11/22/2017,33.14,33.24,32.45,32.74,32.83,-0.66,334030080,10173300,19996
11/21/2017,33.09,33.29,32.85,33.15,33.15,1.71,438593184,13227100,29056
11/17/2017,32,32.84,31.86,32.59,32.43,1.68,318977728,9833200,22487
11/16/2017,30.9,32.14,30.83,32.05,31.66,4.73,272536416,8606400,23892
11/14/2017,31.6,31.89,30.55,30.6,31.19,-2.39,335534176,10754800,21884
11/13/2017,31.4,31.61,30.76,31.35,31.08,0.15,303606208,9767300,26565
11/10/2017,32.45,32.46,31.01,31.3,31.42,-2.97,361685504,11508300,24391
11/9/2017,33.15,33.2,32.13,32.26,32.64,-2.56,324351296,9934600,30082
11/8/2017,31.99,33.25,31.76,33.11,32.32,5.24,309202496,9564500,23477
11/7/2017,32.78,32.86,31.4,31.46,31.91,-5.01,450103680,14101100,42555
11/6/2017,33.4,33.6,32.8,33.12,33.11,-0.8,354492864,10703300,29284
11/3/2017,34.16,34.44,33.15,33.39,33.64,-1.79,308395968,9167300,26637
11/1/2017,35,35.04,34,34,34.37,-1.27,245602928,7144900,20122
10/31/2017,35.31,35.68,34.44,34.44,34.73,-2.18,213009584,6131900,17081
10/30/2017,36.3,36.36,34.96,35.21,35.57,-3.53,349526528,9824100,26378
10/27/2017,36.66,36.99,36.37,36.5,36.73,-0.43,191889440,5224000,16984
10/26/2017,37.5,37.83,36.66,36.66,37.32,-1.23,271929152,7285700,15722
10/25/2017,36.7,37.34,36.63,37.12,36.99,1.61,345991424,9351500,23021
10/24/2017,36.35,36.65,35.9,36.53,36.38,0.91,307445984,8449300,17759
10/23/2017,37.36,37.39,36.2,36.2,36.72,-3.49,232095216,6320100,15224
10/20/2017,37.23,37.51,37.12,37.51,37.38,0.88,258764240,6921100,9526
10/19/2017,37.12,37.39,36.74,37.18,37.02,-0.66,198512448,5361500,12680
10/18/2017,37.5,37.75,37.25,37.43,37.41,-0.34,229714160,6140400,20587
10/17/2017,37.27,37.56,37.04,37.56,37.34,0.16,197969024,5301600,17624
10/16/2017,37.35,37.5,37.11,37.5,37.31,0.21,192782704,5166900,16489
10/13/2017,37.47,37.57,37.18,37.42,37.34,0.05,176381536,4722900,16935
10/11/2017,37.12,37.45,37.01,37.4,37.19,0.08,282383328,7591800,16556
10/10/2017,37,37.37,36.9,37.37,37.14,2.13,365650784,9842800,16003
10/9/2017,36.65,36.88,36.04,36.59,36.28,-1.1,295641280,8148500,14459
10/6/2017,36.7,37,36.22,37,36.73,0.57,226762496,6173600,17040
10/5/2017,36.46,37.47,36.35,36.79,37.12,1.62,394028512,10614600,27289
10/4/2017,36.24,36.48,35.87,36.2,36.11,-0.46,347662784,9626000,16302
10/3/2017,35,36.38,35,36.37,35.92,4.06,450575232,12543100,25395
10/2/2017,34.78,35.05,34.53,34.95,34.87,0.14,189864272,5444200,13496
9/29/2017,34.8,35.23,34.58,34.9,34.99,1.07,237763824,6793400,15937
9/28/2017,34.86,34.86,34.26,34.53,34.55,-0.83,208285104,6027100,17581
9/27/2017,35.06,35.33,34.19,34.82,34.68,-0.51,291202048,8396800,15821
9/26/2017,35.16,35.32,34.95,35,35.14,0.57,268782464,7647700,21262
9/25/2017,35.62,35.74,34.76,34.8,35.04,-1.41,185931264,5305700,20663
9/22/2017,35.37,35.42,35.02,35.3,35.22,-0.61,190946528,5420100,17409
9/21/2017,35.4,35.97,35.22,35.52,35.61,2.18,588783808,16532900,38011
9/20/2017,34.66,35.13,34.31,34.76,34.67,0.63,421063584,12143700,30815
9/19/2017,34.61,34.75,34.06,34.54,34.4,-0.11,203699280,5921100,13843
9/18/2017,34.07,34.6,33.95,34.58,34.36,1.37,233464896,6793300,17743
9/15/2017,33.61,34.45,33.5,34.11,34.05,1.45,411078016,12070900,22255
9/14/2017,33.24,33.88,33.04,33.62,33.56,0.08,174286896,5193200,12442
9/13/2017,33.53,33.9,32.91,33.59,33.55,0.62,262160528,7813300,19351
9/12/2017,33.67,34.07,33.19,33.38,33.69,-1.14,244742848,7263400,14678
9/11/2017,32.91,33.94,32.91,33.83,33.58,3.58,422937664,12594600,27385
9/8/2017,32.85,32.95,32.43,32.66,32.66,-0.3,219562432,6721500,18300
9/6/2017,32.37,32.84,32.23,32.76,32.7,2.37,371244480,11351700,30211
9/5/2017,33,33.05,32,32,32.4,0.5,360299264,11118900,28145
9/4/2017,31.88,32.08,31.64,31.84,31.86,-0.15,131657320,4131400,8241
9/1/2017,31,31.97,31,31.89,31.63,3.87,432126720,13659100,22617
8/31/2017,31.13,31.31,30.4,30.7,30.76,-1.5,279881344,9098800,19853
8/31/2017,31.13,31.31,30.4,30.7,30.76,-1.5,279881344,9098800,19853
8/30/2017,31.51,31.68,31,31.17,31.29,-1.01,169811856,5425500,11708
8/29/2017,31.5,31.55,31.17,31.49,31.4,-0.66,227684784,7251100,13687
8/28/2017,32.19,32.19,31.51,31.7,31.78,-0.93,138997088,4372800,10355
8/25/2017,32.18,32.41,31.92,32,32.11,-0.37,133384912,4154000,11152
8/24/2017,32.06,32.21,31.81,32.12,32.09,0.34,205583488,6407400,19399
8/23/2017,32.02,32.27,31.71,32.01,32.06,0.06,216319056,6747500,18310
8/22/2017,31.76,32.15,31.48,31.99,31.87,4.4,371656608,11660800,24303
8/21/2017,30.75,31.16,30.6,30.82,30.88,1.31,236269152,7651000,16932
8/18/2017,30.3,30.45,29.81,30.42,30.24,0.89,285424128,9439500,19416
8/17/2017,30.5,30.62,30.02,30.15,30.24,-1.75,179525520,5936600,15692
8/16/2017,31.2,31.3,30.41,30.69,30.73,-0.8,308403328,10035600,20802
8/15/2017,31.32,31.56,30.94,30.94,31.23,-0.48,275034528,8807000,17169
8/14/2017,30.87,31.67,30.73,31.09,31.27,0.61,251479408,8042500,14254
8/11/2017,30.73,31.09,30.61,30.9,30.88,-0.06,164545936,5328300,12716
8/10/2017,31.18,31.22,30.52,30.92,30.85,0.48,284715872,9230500,16061
8/9/2017,31.02,31.04,30.45,30.77,30.72,-1.85,212212528,6908000,14138
8/8/2017,31.35,31.94,31.11,31.35,31.61,0,196243136,6207900,15530
8/7/2017,30.99,31.47,30.75,31.35,31.16,1.55,149072784,4783500,12825
8/4/2017,30.77,30.99,30.52,30.87,30.73,0.61,152393520,4958500,11079
8/3/2017,30.48,30.95,30.37,30.68,30.75,0.65,220418496,7168300,24007
8/2/2017,29.35,30.61,29.2,30.48,30.05,4.02,242896288,8081800,18510
8/1/2017,28.87,29.5,28.75,29.3,29.27,2.09,212913296,7274100,13297
7/31/2017,28.73,28.86,28.62,28.7,28.73,0.49,102771608,3577200,8266
7/28/2017,28.53,28.65,28.38,28.56,28.52,-0.1,103582736,3632500,12175
7/27/2017,29.07,29.21,28.54,28.59,28.72,-0.86,136194272,4741900,15401
7/26/2017,29.56,29.68,28.83,28.84,29.11,-2.43,149839904,5147700,10612
7/25/2017,29.29,29.75,29.28,29.56,29.49,1.65,142997104,4848600,11220
7/24/2017,29.43,29.56,28.81,29.08,29.14,-1.12,199119840,6832300,13870
7/21/2017,29.5,29.97,29.27,29.41,29.52,-0.77,118405968,4011200,9055
7/20/2017,29.46,30,29.43,29.64,29.74,0.88,228385312,7680300,11336
7/19/2017,29.31,29.57,29.14,29.38,29.33,0.34,168725584,5752000,11051
7/18/2017,29.2,29.29,29,29.28,29.16,0.06,187285600,6422000,7157
7/17/2017,29.39,29.39,29.07,29.26,29.23,-0.51,143623296,4913000,13719
7/14/2017,29.15,29.47,29.11,29.41,29.36,1.06,157482464,5363400,10964
7/13/2017,28.9,29.21,28.8,29.1,29.01,0.9,204284768,7041600,12952
7/12/2017,28.28,28.97,27.83,28.84,28.43,2.85,332994624,11713400,24332
7/11/2017,26.91,28.09,26.84,28.04,27.7,4.19,256677712,9267700,16009
7/10/2017,26.67,27.04,26.51,26.91,26.81,1.05,126585464,4721500,10024
7/7/2017,27.25,27.34,26.45,26.63,26.83,-1.33,154787600,5769900,13228
7/6/2017,27.15,27.22,26.86,26.99,27,-0.66,106009112,3926700,12655
7/5/2017,27.5,27.58,26.9,27.17,27.13,-0.51,203821152,7511500,16190
7/4/2017,26.98,27.42,26.9,27.31,27.22,0.51,82072648,3015200,4862
7/3/2017,26.96,27.28,26.8,27.17,27.07,1.38,114250416,4220800,8741
6/30/2017,26.68,26.92,26.57,26.8,26.78,0.9,136893744,5112600,9907
6/29/2017,26.62,26.94,26.21,26.56,26.54,0.64,136796272,5154900,14182
6/28/2017,26.31,26.55,25.76,26.39,26.23,1.11,125814688,4796700,12464
6/27/2017,26.69,26.98,26.04,26.1,26.36,-3.22,273182528,10363900,20479
6/26/2017,25.79,27.1,25.71,26.97,26.5,5.84,248272048,9369600,20300
6/23/2017,26.1,26.12,25.48,25.48,25.75,-2,130289552,5059500,11715
6/22/2017,25.9,26.19,25.77,26,26.02,0.54,168005168,6455800,11521
6/21/2017,26.16,26.3,25.71,25.86,25.98,-0.53,211846944,8155400,16048
6/20/2017,27.06,27.06,25.95,26,26.26,-4.16,264520384,10073600,20055
6/19/2017,27.6,27.75,26.93,27.13,27.33,-1.3,174011440,6367100,15576
6/16/2017,27.26,27.85,27.25,27.49,27.5,0.36,493536672,17949300,22665
6/14/2017,27.5,27.95,27.19,27.39,27.61,-0.03,276918496,10030200,21403
6/13/2017,27.28,27.54,27,27.4,27.31,1.06,208100672,7621100,15668
6/12/2017,27.72,27.84,26.91,27.18,27.2,-2.37,217680896,8004300,21485
6/9/2017,28.35,28.56,27.56,27.84,27.87,-1.62,215430368,7728900,13628
6/8/2017,28.39,28.42,27.81,28.3,28.13,-1.49,185897648,6608700,16417
6/7/2017,28.8,28.95,28.58,28.73,28.78,1.19,211534176,7351100,14736
6/6/2017,27.65,28.7,27.51,28.39,28.11,2.86,258044496,9179700,18015
6/5/2017,27.8,28.18,27.39,27.6,27.75,-1.7,153324432,5525600,14364
6/2/2017,28.35,28.55,27.81,28.08,28.1,0.14,201245536,7162500,16433
6/1/2017,28.61,28.8,27.85,28.04,28.32,-1.05,174472320,6161800,19130
5/31/2017,29,29.25,28.13,28.34,28.68,-2.27,298321536,10402000,17711
5/30/2017,28.72,29.09,28.65,29,28.89,1.18,125969736,4359900,10356
5/29/2017,28.67,28.76,28.25,28.66,28.49,-0.69,102767912,3607700,10582
5/26/2017,27.9,29,27.8,28.86,28.58,4.15,288568672,10097200,20705
5/25/2017,27.73,28.16,27.21,27.71,27.58,0.39,252546208,9155800,25986
5/24/2017,27.7,28.44,27.6,27.6,28.04,1.76,337217472,12026100,29809
5/23/2017,27,27.21,26.7,27.12,26.98,2.26,231728640,8589100,18682
5/22/2017,27.47,27.69,26.14,26.68,26.74,-4.64,363279008,13585000,37584
5/19/2017,28.35,28.91,27.76,27.98,28.37,3.32,503913664,17764200,42440
5/18/2017,25.2,29.76,25.2,27.08,28.16,-19.9,923956416,32807400,64382
5/17/2017,34.52,34.52,33.4,33.81,33.87,-2.7,218814400,6459800,16906
5/16/2017,34.7,34.89,34.53,34.75,34.67,0,300813184,8676000,13349
5/15/2017,35.37,35.37,34.49,34.75,34.82,-1.8,213298256,6125700,14987
5/12/2017,34.6,35.39,34.41,35.39,35.04,2.9,369851232,10554000,21153
5/11/2017,33.5,34.85,33.5,34.39,34.36,3.11,478067392,13913400,26023
5/10/2017,32.89,33.35,32.81,33.35,33.12,2.93,183710768,5546200,16144
5/9/2017,32.32,32.95,32.16,32.4,32.62,0.37,158628928,4863300,11385
5/8/2017,32.7,33.06,32.2,32.28,32.54,-2.5,153549168,4718800,15851
5/5/2017,32.55,33.39,32.4,33.11,33.01,2.31,163048128,4939300,11169
5/4/2017,33.85,33.85,32.36,32.36,32.83,-4.2,246464464,7508400,17640
5/3/2017,33.83,33.96,33.28,33.78,33.65,-0.32,140347872,4171300,9518
5/2/2017,33.07,33.97,32.84,33.89,33.74,3.16,268212944,7949400,21721
4/28/2017,32.5,33.07,32.37,32.85,32.76,0.89,132028312,4030000,9372
4/27/2017,32.38,32.9,32.15,32.56,32.56,1.4,203099696,6237200,14204
4/26/2017,32.35,32.93,32.11,32.11,32.52,-1.2,210637232,6477600,14971
4/25/2017,32.1,32.5,31.81,32.5,32.24,0.61,161193264,5000300,14945
4/24/2017,32.12,32.45,31.6,32.3,32.07,2.86,244157920,7612500,15067
4/20/2017,31.51,31.86,31.05,31.4,31.45,0.8,139629280,4440300,10702
4/19/2017,32.42,32.58,31.12,31.15,31.65,-3.64,190013568,6003800,12553
4/18/2017,31.73,32.67,31.62,32.33,32.22,0.96,251763808,7814000,20961
4/17/2017,30.98,32.17,30.74,32.02,31.76,4.64,304216352,9579100,16565
4/13/2017,32.08,32.15,30.6,30.6,31.08,-5.2,366454016,11792500,18639
4/12/2017,32.69,32.8,32.2,32.28,32.42,-1.64,349498592,10781900,15309
4/11/2017,32.85,33.18,32.45,32.82,32.83,0.09,309678240,9432700,19445
4/10/2017,32.57,32.81,32.28,32.79,32.68,0.89,250650832,7670900,9118
4/7/2017,32.57,33.15,32,32.5,32.57,-0.42,172685120,5302000,19712
4/6/2017,33.4,33.5,32.37,32.64,32.94,-2.33,195209856,5927000,18587
4/5/2017,34.1,34.25,33.13,33.42,33.76,-1.7,159272480,4717700,13719
4/4/2017,33.8,34.23,33.6,34,34,0.38,198598272,5840500,9368
4/3/2017,33.76,34.29,33.57,33.87,33.92,0.29,122693976,3616900,10829
3/31/2017,33.8,34.13,33.7,33.77,33.94,-0.88,232706400,6856100,14367
3/30/2017,34.4,34.65,33.92,34.07,34.26,-0.67,222200400,6485500,16269
3/29/2017,33.09,34.3,32.97,34.3,34.03,3.62,318646880,9363200,21813
3/28/2017,33.19,33.31,32.81,33.1,33.06,-0.63,151361600,4578500,12563
3/27/2017,32.85,33.32,32.62,33.31,33.05,0.33,133074352,4026500,10922
3/24/2017,33,33.49,32.9,33.2,33.14,0.45,154393376,4658800,15387
3/23/2017,32.89,33.35,32.6,33.05,33.04,0,182511584,5524400,14151
3/22/2017,31.97,33.31,31.83,33.05,32.84,3.37,293458176,8935700,25459
3/21/2017,33.1,33.26,31.8,31.97,32.34,-2.38,241233696,7459500,21780
3/20/2017,32.69,33.41,32.2,32.75,32.85,-0.18,259495152,7900300,21190
3/17/2017,33.92,34.1,32.71,32.81,33.02,-2.72,371097248,11239600,22103
3/16/2017,34.11,34.42,33.33,33.73,33.71,-1.34,188962336,5606000,17181
3/15/2017,34.14,34.45,33.2,34.19,33.83,0.82,323178400,9552800,20120
3/14/2017,33.89,34.69,33.83,33.91,34.28,-0.2,229208944,6685800,17675
3/13/2017,34,34.35,33.71,34.05,34.06,1.06,127939600,3756000,12150
3/10/2017,33.77,34.56,33.58,33.69,33.95,0.38,196911616,5800500,13243
3/10/2017,33.77,34.56,33.58,33.69,33.95,0.38,196911616,5800500,13243
3/9/2017,33.78,34.13,33.3,33.56,33.71,-1.03,147026000,4361900,12600
3/8/2017,34.62,34.69,33.8,33.91,34.08,-2.36,245683984,7208900,18924
3/7/2017,35.29,35.29,34.51,34.73,34.76,-1.22,180707968,5198800,14435
3/6/2017,34.62,35.17,34.6,35.16,34.94,0.8,314904992,9013700,18428
3/3/2017,33.37,34.88,33.36,34.88,34.37,4.87,380965216,11083600,30579
3/2/2017,33.49,33.74,33.15,33.26,33.39,-0.92,229349120,6869400,19249
3/1/2017,33.9,33.96,33.1,33.6,33.43,1.51,189467008,5667600,14780
2/24/2017,32.92,33.45,32.45,33.1,33.06,-0.74,216849328,6558500,16082
2/23/2017,34.11,34.75,33.14,33.35,33.94,-2.17,294359456,8672300,28474
2/22/2017,33.9,34.35,33.7,34.09,34.06,0.26,233256384,6848600,10826
2/21/2017,33.44,34,33.42,34,33.87,1.67,251206336,7416100,16940
2/20/2017,33.11,33.52,32.87,33.44,33.16,1.61,166111744,5008800,10016
2/17/2017,32.63,33.24,32.42,32.91,32.81,0.06,351255168,10704800,18350
2/16/2017,31.22,32.97,31,32.89,32.46,3.23,554236416,17075400,28601
2/15/2017,31.53,32.24,31.51,31.86,31.9,1.2,292899904,9181000,22510
2/14/2017,31.43,31.55,30.85,31.48,31.24,0.31,190940928,6112600,15978
2/13/2017,31.3,31.68,31.09,31.38,31.35,0.64,153343232,4891200,12235
2/10/2017,30.98,31.46,30.51,31.18,31.03,1.82,199969136,6443400,19060
2/9/2017,30.76,31.1,30.31,30.62,30.61,-0.32,192043136,6273900,17278
2/8/2017,30.49,30.98,30.06,30.72,30.53,1.05,135167648,4427600,9599
2/7/2017,30.66,30.74,30.12,30.4,30.37,0.92,128240080,4222000,10206
2/6/2017,31.3,31.49,29.85,30.12,30.45,-2.49,186269088,6117600,12822
2/3/2017,30.82,31.66,30.29,30.89,31.19,-0.25,255401600,8189300,23080
2/2/2017,30.86,31.45,30.48,30.97,31.04,-0.92,198206368,6384800,12180
2/1/2017,31.39,31.75,31.15,31.26,31.46,0.48,170555856,5421800,13227
1/31/2017,30.68,31.11,30.29,31.11,30.82,1.93,170890752,5544300,9928
1/30/2017,31.02,31.2,30.21,30.52,30.55,-2.77,172648528,5651700,12272
1/27/2017,31.79,31.9,31.35,31.39,31.63,-1.9,169935856,5372200,12693
1/26/2017,31,32,30.75,32,31.48,6.31,425894528,13530500,27540
1/24/2017,30.7,31.1,29.8,30.1,30.25,-1.89,244229456,8073200,16711
1/23/2017,29.5,30.72,29.41,30.68,30.19,4.53,245557712,8134300,19589
1/20/2017,28.76,29.45,28.76,29.35,29.24,2.22,288119040,9854700,16794
1/19/2017,28.74,29,28.31,28.71,28.77,0.1,115777688,4024100,8026
1/18/2017,29.06,29.1,28.68,28.68,28.86,-0.82,124261456,4305300,10380
1/17/2017,28.45,29.06,28.38,28.92,28.76,1.61,142900544,4969400,10406
1/16/2017,28.5,28.85,28.28,28.46,28.57,0.07,99667888,3489000,9683
1/13/2017,28.99,29.26,28.33,28.44,28.74,-2.6,158063280,5499200,12497
1/12/2017,29.12,29.49,28.98,29.2,29.22,2.52,276530496,9465100,19679
1/11/2017,28.35,28.49,27.62,28.48,28.23,1.06,160483856,5684200,11632
1/10/2017,28.26,28.49,28.02,28.18,28.2,1.36,153632384,5447600,10111
1/9/2017,27.79,28.44,27.55,27.8,27.92,-3.77,432536000,15490200,18821
1/6/2017,28.58,28.93,28.54,28.89,28.8,1.08,106331104,3692400,7641
1/5/2017,28.72,28.9,28.43,28.58,28.67,-0.24,156466688,5457100,11730
1/4/2017,28.65,29,28.55,28.65,28.79,-0.52,119669920,4156300,10344
1/3/2017,27.76,28.8,27.76,28.8,28.52,4.57,216149840,7578900,16158
1/2/2017,27.9,27.96,27.44,27.54,27.68,-1.95,54470664,1968200,4784
12/29/2016,27.69,28.09,27.48,28.09,27.89,1.44,130944080,4695500,12252
12/28/2016,27.35,27.95,27.27,27.69,27.69,1.24,95645904,3454300,9293
12/27/2016,27.32,27.59,27.04,27.35,27.38,0.69,97608008,3565200,9353
12/26/2016,26.79,27.25,26.79,27.16,27.14,1.57,38126164,1404900,3252
12/23/2016,26.06,26.92,26.06,26.74,26.67,2.84,140325664,5261100,9851
12/22/2016,26.28,26.28,25.81,26,25.97,-0.95,209939424,8083000,13718
12/21/2016,26.5,26.67,26.09,26.25,26.33,0,104661680,3974600,9737
12/20/2016,26.02,26.74,25.65,26.25,26.21,1.62,200029520,7630900,15847
12/19/2016,26.5,26.72,25.61,25.83,26.17,-2.23,160519952,6133900,13234
12/16/2016,26.39,26.95,26.35,26.42,26.66,0.64,217789280,8167700,19166
12/15/2016,25.28,26.25,25.02,26.25,25.7,3.83,270929248,10540600,23432
12/14/2016,25.95,26.18,25.28,25.28,25.76,-2.43,240005248,9318300,22764
12/13/2016,25.7,26.38,25.7,25.91,26.01,0.89,191567472,7364900,18868
12/12/2016,26.51,26.69,25.61,25.75,26,-4.77,284923328,10960000,29620
12/9/2016,27.02,27.25,26.62,27.04,27.01,0.89,169597408,6278700,13699
12/8/2016,27.21,27.33,26.61,26.8,26.95,-0.74,139738400,5186000,12704
12/7/2016,27.08,27.15,26.8,27,26.97,1.19,200180416,7421000,20129
12/6/2016,26.53,27.19,26.21,26.68,26.78,0.11,241863600,9030600,22422
12/5/2016,27.17,27.39,26.35,26.65,26.77,-1.91,216210352,8078000,19336
12/2/2016,26.4,27.45,25.9,27.17,26.83,2.06,249963840,9316300,28227
12/1/2016,28,28.2,26.41,26.62,27.2,-6.59,319965024,11764200,35636
11/30/2016,28.55,28.98,28.28,28.5,28.57,2.33,245605616,8596800,19683
11/29/2016,28.53,28.89,27.85,27.85,28.42,-3.63,143386992,5046100,13755
11/28/2016,27.63,28.97,27.42,28.9,28.39,4.59,204854832,7214700,20590
11/25/2016,27.29,27.9,27,27.63,27.5,-0.21,131251168,4773200,12828
11/24/2016,28.4,28.47,27.69,27.69,28.07,-2.67,78160672,2784000,5197
11/23/2016,28.22,28.8,28.14,28.45,28.46,-0.45,206994656,7272000,18115
11/22/2016,28.75,29.23,28.13,28.58,28.74,1.23,380291360,13231600,22925
11/21/2016,27.76,28.33,27.36,28.33,27.84,7.84,388259040,13946200,30441
11/18/2016,25.45,26.31,25.42,26.27,26.02,2.93,192221648,7386300,17375
11/17/2016,26.29,26.78,25.4,25.52,26.19,-1.84,249574384,9529900,26672
11/16/2016,25,26.33,24.55,26,25.52,6.47,413890720,16219400,32221
11/14/2016,23.7,24.75,23.07,24.42,24.02,2.77,308206560,12833800,34820
11/11/2016,25.05,25.5,23.5,23.76,24.15,-6.93,497926816,20621500,44508
11/10/2016,27.88,27.88,25.4,25.53,26.3,-6.41,417006112,15855900,37961
11/9/2016,26.8,28,26.7,27.28,27.43,-3.53,270949984,9876200,22840
11/8/2016,27.96,28.49,27.74,28.28,28.17,-0.17,190953264,6778200,21111
11/7/2016,28.15,28.33,27.72,28.33,28.06,5.39,188953584,6734900,16629
11/4/2016,26.61,27.71,26.11,26.88,26.81,1.01,301954656,11263500,29177
11/3/2016,27.4,27.76,26.61,26.61,27.25,-4.76,370497664,13598600,32176
11/1/2016,29.38,29.46,27.92,27.94,28.46,-4.6,225333552,7917000,22916
10/31/2016,28.37,29.4,28.35,29.29,29.05,3.53,250005232,8607200,22455
10/28/2016,28.55,28.93,28.02,28.29,28.45,-1.56,188634176,6630900,15350
10/27/2016,27.25,28.77,27.25,28.74,28.29,5.12,342550048,12110200,25640
10/26/2016,27.3,27.75,27,27.34,27.38,-0.76,331438848,12106500,25780
10/25/2016,28.4,28.49,27.25,27.55,27.65,-2.37,320745856,11601600,27752
10/24/2016,28.8,29.24,28.22,28.22,28.73,-0.8,267792768,9320000,20118
10/21/2016,28.08,28.7,27.73,28.45,28.4,1.24,265077856,9334900,20382
10/20/2016,27.21,28.18,27.21,28.1,27.91,2.07,228945424,8202200,19440
10/19/2016,28.05,28.35,27.46,27.53,27.86,-1.85,258495408,9277600,20542
10/18/2016,27.55,28.06,27.42,28.05,27.8,2.07,329764800,11862900,30647
10/17/2016,25.8,27.48,25.8,27.48,26.75,5.85,345063488,12898600,30421
10/14/2016,25.7,26.05,25.58,25.96,25.88,2.6,253039024,9776000,26687
10/13/2016,24.77,25.53,24.52,25.3,25.16,1.72,267621232,10637200,30759
10/11/2016,25.31,25.33,24.82,24.87,25.04,-2.27,141057968,5633300,19277
10/10/2016,25.43,25.67,25.33,25.45,25.49,0.67,137670176,5401900,16186
10/7/2016,24.91,25.39,24.89,25.28,25.25,2.43,309235840,12246400,20490
10/6/2016,23.85,24.84,23.75,24.68,24.43,3.13,264328576,10821700,25351
10/5/2016,23.5,24.15,23.39,23.93,23.87,2.26,185143616,7757400,16919
10/4/2016,23.3,23.54,23.12,23.4,23.32,0.25,140557040,6027000,13661
10/3/2016,22.9,23.45,22.9,23.34,23.25,2.36,146965568,6322200,16491
9/30/2016,22.65,23.15,22.56,22.8,22.86,0.75,109047528,4770000,10194
9/29/2016,23.34,23.42,22.6,22.63,23.03,-2.91,164001248,7122300,17635
9/28/2016,22.99,23.31,22.74,23.31,23.07,1.87,120556928,5224600,13123
9/27/2016,22.76,22.95,22.3,22.88,22.67,0.83,150811104,6651700,16341
9/26/2016,22.67,22.88,22.45,22.69,22.7,-1.13,81562920,3593100,8853
9/23/2016,23.3,23.38,22.74,22.95,23.04,-2.13,141145328,6126000,20375
9/22/2016,23.6,23.73,23.25,23.45,23.5,0.47,165676832,7049600,22722
9/21/2016,22.86,23.6,22.78,23.34,23.04,3.22,250034080,10850900,25192
9/20/2016,22.3,22.64,22.22,22.61,22.48,2.72,131429440,5847400,12632
9/19/2016,22.19,22.48,22.01,22.01,22.26,0.36,125959320,5658000,11338
9/16/2016,22.23,22.28,21.7,21.93,21.99,-1.7,171402368,7794600,11732
9/15/2016,22.06,22.5,21.91,22.31,22.23,1.73,157577152,7087000,16224
9/14/2016,22.05,22.27,21.65,21.93,22,-0.36,154404208,7019700,15825
9/13/2016,22.56,22.57,21.81,22.01,22.11,-3.63,207381264,9377700,23831
9/12/2016,22.74,23.09,22.21,22.95,22.7,0.48,243632592,10731900,24249
9/9/2016,23.75,23.8,22.74,22.84,23.23,-5.34,251714144,10835700,27407
9/8/2016,23.87,24.3,23.8,24.13,24.15,0.45,186564048,7725300,18858
9/6/2016,23.62,24.02,23.31,24.02,23.75,2.25,190755984,8030800,22533
9/5/2016,23.84,23.98,23.35,23.49,23.6,-0.96,111969568,4744400,12530
9/2/2016,23.17,23.77,23.11,23.72,23.5,3.76,245395472,10442300,25561
9/1/2016,23.45,23.63,22.85,22.86,23.01,-1.5,205524944,8932100,26996
8/31/2016,23.88,24.34,22.74,23.21,23.45,-2.19,439367872,18733700,36323
8/31/2016,23.88,24.34,22.74,23.21,23.45,-2.19,439367872,18733700,36323
8/30/2016,23.94,24.15,23.52,23.73,23.81,-0.37,191426160,8040000,20582
8/29/2016,22.88,23.93,22.69,23.82,23.59,4.01,205982944,8731800,24264
8/26/2016,22.6,23.13,22.48,22.9,22.79,2.04,187569616,8228900,20167
8/25/2016,22.4,22.71,22.31,22.44,22.5,0.4,112786792,5013000,15598
8/24/2016,22.41,22.62,22.2,22.35,22.4,-1.01,123935896,5531800,13067
8/23/2016,22.5,22.81,22.32,22.58,22.55,1.75,262751088,11654400,16015
8/22/2016,23.18,23.2,22.31,22.31,22.53,-3.83,170151168,7552400,18213
8/19/2016,22.6,23.25,22.49,23.2,23.01,2.06,207893856,9033200,20031
8/18/2016,22.79,22.92,22.49,22.73,22.71,-0.13,124681424,5491000,12138
8/17/2016,22.7,22.77,22.11,22.76,22.48,0.53,177968656,7915400,18052
8/16/2016,22.93,23.2,22.52,22.64,22.76,-2.32,188764640,8294500,17184
8/15/2016,22.73,23.22,22.67,23.18,23.01,2.24,189163696,8221100,19890
8/12/2016,22.05,22.82,21.9,22.67,22.59,2.81,388175520,17183200,26767
8/11/2016,20.81,22.06,20.81,22.05,21.69,5.65,341081312,15723600,26405
8/10/2016,21.47,21.6,20.77,20.87,21.02,-2.47,165051088,7852400,18301
8/9/2016,21.23,21.55,21.13,21.4,21.4,1.08,113449816,5302400,11349
8/8/2016,21.08,21.36,21,21.17,21.2,-0.23,91386128,4311300,9301
8/5/2016,21.3,21.48,20.97,21.22,21.21,0.71,97395704,4592900,12300
8/4/2016,20.72,21.1,20.7,21.07,20.94,2.68,159521184,7617900,18386
8/3/2016,20.1,20.68,20.03,20.52,20.43,1.58,149298288,7306200,17243
8/2/2016,20.5,20.87,20.1,20.2,20.41,-2.36,204220976,10007300,23598
8/1/2016,21.14,21.34,20.66,20.69,21.01,-1.71,147649792,7026700,14324
7/29/2016,20.66,21.19,20.51,21.05,20.9,1.83,188937280,9042200,20470
7/28/2016,21.25,21.25,20.5,20.67,20.74,-3.77,179817328,8669800,19678
7/27/2016,21.5,21.9,21.4,21.48,21.66,0.18,193707904,8945000,18197
7/26/2016,21.35,21.72,21.3,21.44,21.56,0.65,208857744,9687700,19653
7/25/2016,20.69,21.3,20.68,21.3,21.12,3.34,250916464,11882000,19463
7/22/2016,20.9,21.26,20.61,20.61,20.84,-1.62,167383328,8032500,19766
7/21/2016,21.3,21.47,20.27,20.95,20.9,-1.87,310314880,14850100,24618
7/20/2016,21,21.51,20.75,21.35,21.24,2,350425440,16495800,30883
7/19/2016,19.89,20.93,19.8,20.93,20.48,4.85,367609984,17953300,30570
7/18/2016,19.3,19.96,19.26,19.96,19.69,3.63,200366096,10175800,21849
7/15/2016,18.94,19.4,18.94,19.26,19.28,1.31,294320832,15269500,37413
7/14/2016,18.4,19.13,18.27,19.01,18.79,5.31,343869824,18300200,35878
7/13/2016,17.79,18.2,17.55,18.05,17.87,1.46,196224400,10981300,19544
7/12/2016,18.32,18.53,17.76,17.79,18.14,-1.27,189924704,10470600,23348
7/11/2016,17.51,18.04,17.45,18.02,17.84,4.58,170981008,9582800,18548
7/8/2016,17.06,17.27,16.98,17.23,17.15,2.86,98439136,5739900,15780
7/7/2016,17.01,17.14,16.75,16.75,16.97,-1.23,127819704,7532700,17830
7/6/2016,16.9,17.02,16.57,16.96,16.78,-0.23,151691760,9040200,19502
7/5/2016,17.03,17.09,16.81,17,16.96,-0.75,83301856,4911800,10241
7/4/2016,17.2,17.3,16.99,17.13,17.1,0.46,97416760,5695800,9347
7/1/2016,17.19,17.29,16.9,17.05,17.07,-0.75,140247984,8217400,15007
6/30/2016,16.46,17.18,16.23,17.18,16.91,4.18,239487968,14163900,19170
6/29/2016,16.19,16.55,16.19,16.49,16.42,2.86,175436704,10683900,23878
6/28/2016,15.96,16.09,15.79,16.03,15.96,2.49,112377032,7042400,17573
6/27/2016,16.04,16.06,15.44,15.64,15.65,-1.57,124103688,7929300,17861
6/24/2016,15.62,15.9,15.39,15.89,15.73,-2.03,160921200,10227700,20107
6/23/2016,16.11,16.33,15.98,16.22,16.17,2.65,188670720,11667800,15396
6/22/2016,15.99,16.22,15.8,15.8,15.94,-0.31,174883552,10974200,24640
6/21/2016,15.95,16.05,15.75,15.85,15.88,-4.46,316664800,19944300,27366
6/20/2016,16.48,16.79,16.37,16.59,16.62,3.68,228347648,13742100,29768
6/17/2016,16.33,16.68,16,16,16.22,-1.17,210877120,12998200,21568
6/16/2016,15.98,16.29,15.56,16.19,15.98,0.55,161539808,10107800,15928
6/15/2016,16.23,16.36,15.6,16.1,16.11,-0.06,200205472,12427600,16054
6/14/2016,16.63,16.83,15.9,16.11,16.27,-2.77,142325392,8746300,23770
6/13/2016,16.36,16.85,16.26,16.69,16.62,0.84,113420144,6824900,13128
6/10/2016,17.16,17.25,16.55,16.55,16.77,-4.88,162202144,9670700,18289
6/9/2016,17.31,17.54,17.08,17.4,17.37,-0.28,185498416,10680800,10789
6/8/2016,17.08,17.6,17.07,17.45,17.41,3.13,153879920,8839800,17131
6/7/2016,16.95,17.39,16.85,16.92,17.09,-1.16,120865120,7073100,17590
6/6/2016,17.35,17.57,16.94,17.12,17.22,-1.04,142924768,8299600,19740
6/3/2016,17.03,17.39,16.85,17.3,17.16,2.36,161272784,9396800,18299
6/2/2016,16.66,16.9,16.26,16.9,16.64,1.99,166037024,9977000,19001
6/1/2016,16.38,16.67,16.11,16.57,16.41,0.6,175244256,10678100,21828
5/31/2016,16.35,16.92,15.97,16.47,16.47,0.36,215743648,13099200,29193
5/30/2016,16.31,16.65,16.17,16.41,16.42,1.73,71588568,4359500,8095
5/27/2016,16.7,16.84,15.86,16.13,16.22,-1.94,128520520,7925900,17144
5/25/2016,16,16.75,15.99,16.45,16.5,2.94,329394048,19957300,33352
5/24/2016,17.28,17.52,15.98,15.98,16.45,-5.33,447046592,27182300,34292
5/23/2016,17.04,17.24,16.84,17,17.01,-1.79,147638032,8680100,17604
5/20/2016,18,18.13,17.31,17.31,17.62,-2.36,140115408,7950300,17322
5/19/2016,17.95,18.23,17.64,17.73,17.86,-2.36,171465328,9599000,16976
5/18/2016,18.04,18.75,17.71,18.16,18.36,0.11,221883216,12088000,23129
5/17/2016,18.86,18.98,18.1,18.14,18.38,-4.82,230175728,12521400,27656
5/16/2016,19.31,19.5,19.02,19.06,19.19,-1.54,220761392,11503000,19019
5/13/2016,19.95,20.18,19,19.36,19.44,-2.71,265912512,13679400,34624
5/12/2016,20.13,20.62,19.33,19.9,19.97,-2.83,551522624,27621600,44349
5/11/2016,22,22.13,20.48,20.48,21.05,-4.52,380966432,18094100,31494
5/10/2016,20.78,21.45,20.61,21.45,21.07,5.92,320487776,15209100,23702
5/9/2016,20.64,20.7,19.2,20.25,20.13,-2.12,229718800,11411300,20114
5/6/2016,19.98,20.97,19.98,20.69,20.55,0.82,115529936,5621100,11964
5/5/2016,21.2,21.32,20.3,20.52,20.71,-1.72,116233280,5613000,11153
5/4/2016,20.3,20.93,20.25,20.88,20.71,2.15,159960768,7724700,16760
5/3/2016,21.1,21.1,20.44,20.44,20.71,-5.15,176952192,8543000,16894
5/2/2016,22,22.11,21.41,21.55,21.71,-2.53,182677152,8414300,15874
4/29/2016,22,22.12,21.6,22.11,21.99,1.65,332843392,15138900,24264
4/28/2016,22.05,22.18,21.5,21.75,21.85,-2.46,240092112,10988100,28693
4/27/2016,22,22.58,21.94,22.3,22.33,2.52,202274016,9059200,18551
4/26/2016,20.92,21.9,20.81,21.75,21.52,4.56,273516640,12707100,16079
4/25/2016,21.1,21.39,20.56,20.8,20.83,-2.2,128594864,6174200,15820
4/22/2016,21.27,21.58,21.03,21.27,21.24,-2.56,245551904,11562300,29086
4/20/2016,21.88,21.99,21.44,21.83,21.73,-0.68,214584320,9874000,25506
4/19/2016,22.4,22.6,21.98,21.98,22.23,-0.45,268553952,12081300,23037
4/18/2016,22.6,23.06,21.83,22.08,22.42,-2.73,331533440,14784700,23906
4/15/2016,22.78,22.79,22.14,22.7,22.51,3.51,323878752,14388300,30149
4/14/2016,22.81,23.06,21.66,21.93,22.26,-1.79,353816800,15896700,26336
4/13/2016,22.76,23.13,22.32,22.33,22.83,1.04,392975072,17210300,29207
4/12/2016,21.72,22.16,21.31,22.1,21.81,2.59,458403712,21015100,38856
4/11/2016,21.33,21.8,21.12,21.54,21.47,3.06,340820768,15874700,31627
4/8/2016,19.49,20.95,19.36,20.9,20.4,11.52,371181920,18197000,37121
4/7/2016,18.6,18.84,18.35,18.74,18.59,3.08,150333792,8086100,15898
4/6/2016,18.11,18.69,17.8,18.18,18.13,-0.92,214137280,11809500,27661
4/5/2016,18.55,19.27,17.96,18.35,18.57,-1.6,256593120,13819100,27688
4/4/2016,19.41,19.56,18.62,18.65,19.02,-5.66,176509008,9279900,20677
4/1/2016,19.39,19.97,19.2,19.77,19.75,0,198641952,10058200,18384
3/31/2016,20.01,20.16,19.34,19.77,19.76,-2.46,250899664,12694200,20628
3/30/2016,21,21.1,20.23,20.27,20.76,-2.07,286763392,13813300,28694
3/29/2016,20.15,20.7,19.53,20.7,20.37,2.98,384468800,18877000,30454
3/28/2016,20.2,20.29,19.69,20.1,20.03,5.84,322210400,16083400,25204
3/24/2016,18.75,19.28,18.65,18.99,18.98,-3.3,204575888,10778000,15406
3/23/2016,19.98,19.99,19.5,19.64,19.7,-3.72,193448224,9818300,17270
3/22/2016,20.52,20.72,20.32,20.4,20.51,-1.44,197158096,9612700,24069
3/21/2016,20.59,20.79,20.25,20.7,20.5,1.66,227835424,11112500,23771
3/18/2016,20.82,21.12,19.94,20.36,20.35,-1.59,261895840,12868900,21625
3/17/2016,21.21,21.35,19.35,20.69,20.64,14.37,630835520,30559200,50193
3/16/2016,17.15,18.39,16.8,18.09,17.65,3.37,413567584,23436300,43985
3/15/2016,20.51,20.65,17.5,17.5,18.89,-21.17,658167680,34837800,64118
3/14/2016,23,23.62,21.55,22.2,22.98,-2.46,483127136,21019700,38154
3/11/2016,21.52,23.29,21.25,22.85,22.6,6.27,635737216,28131900,72768
3/11/2016,21.52,23.29,21.25,22.85,22.6,6.27,635737216,28131900,72768
3/10/2016,20.75,21.96,20.17,21.5,20.87,5.91,472351840,22628600,51267
3/9/2016,20.2,21.22,19.91,20.3,20.5,0.24,509126720,24832500,52071
3/8/2016,18.25,20.25,17.94,20.25,19.48,10.89,517385504,26561500,63704
3/7/2016,18.25,18.45,17.51,18.26,18.03,0.05,204016512,11314500,22542
3/4/2016,18.65,19.7,17.91,18.25,18.64,9.87,502014048,26927200,54228
3/3/2016,15.1,16.99,15,16.61,16.1,13.07,414604192,25752900,46377
3/2/2016,14.38,14.87,14.21,14.77,14.6,3.14,189306112,12969400,26245
3/1/2016,13.72,14.45,13.62,14.32,13.98,5.76,189218320,13533200,22575
2/29/2016,13.4,13.69,13.24,13.54,13.55,2.57,221371616,16339100,18040
2/26/2016,13.27,13.48,12.96,13.2,13.17,0.6,91848888,6972500,13983
2/25/2016,13,13.21,12.7,13.12,13,0.38,128126424,9856600,13503
2/24/2016,13.16,13.27,12.88,13.07,13.05,-3.32,128327864,9835100,13186
2/23/2016,13.5,13.94,13.32,13.52,13.59,-0.66,94130288,6928900,12780
2/22/2016,13.39,13.7,13.3,13.61,13.52,4.61,143383824,10605100,16939
2/19/2016,12.87,13.29,12.8,13.01,13,1.08,104091208,8006100,13386
2/18/2016,13.36,13.56,12.87,12.87,13.07,-3.66,119341520,9134300,16164
2/17/2016,13.43,13.8,13.11,13.36,13.55,-0.29,132784768,9799100,24999
2/16/2016,13.14,13.54,13.1,13.4,13.38,1.97,93165840,6960600,12623
2/15/2016,13.3,13.35,13.08,13.14,13.19,1.07,59532560,4513300,9841
2/12/2016,13.2,13.57,12.81,13,13.07,-0.45,131855816,10086400,14099
2/11/2016,13.47,13.59,12.83,13.06,13.12,-4.6,142935632,10893200,19487
2/10/2016,13.52,13.72,13.47,13.69,13.61,0,73316208,5385500,9982
2/5/2016,13.9,14.05,13.64,13.69,13.87,-0.79,77515008,5590000,12865
2/4/2016,13.5,14.12,13.41,13.8,13.77,3.99,124317264,9025300,19070
2/3/2016,13.46,13.54,13.16,13.27,13.36,1.29,89012080,6660600,16668
2/2/2016,13.8,13.87,13.07,13.1,13.46,-7.48,159385520,11843000,30176
2/1/2016,13.74,14.2,13.51,14.16,13.86,2.23,94834552,6842200,13495
1/29/2016,13.07,13.85,12.99,13.85,13.58,6.7,139661840,10282000,19962
1/28/2016,12.82,13.05,12.67,12.98,12.86,2.2,88038064,6843400,17101
1/27/2016,12.8,12.92,12.61,12.7,12.75,-1.47,132062144,10354000,25971
1/26/2016,12.84,12.95,12.72,12.89,12.87,-0.84,127718776,9925400,19197
1/22/2016,12.95,13.15,12.88,13,13,2.28,86337344,6642500,15112
1/21/2016,12.62,13.04,12.55,12.71,12.79,-0.07,103815552,8120100,21410
1/20/2016,12.66,12.84,12.52,12.72,12.64,-0.93,91095264,7207700,18948
1/19/2016,13.32,13.35,12.84,12.84,13,-0.92,87113520,6703500,14583
1/18/2016,13.11,13.21,12.91,12.96,13.04,-0.61,45769072,3508800,10338
1/15/2016,13.19,13.37,12.92,13.04,13.09,-3.83,106386224,8129700,22598
1/14/2016,13,13.56,12.66,13.56,13.06,5.6,119943416,9186900,14977
1/13/2016,13.32,13.43,12.72,12.84,12.99,-1.83,101587520,7820900,16015
1/12/2016,13.67,13.85,13.08,13.08,13.4,-3.46,93461160,6976700,14860
1/11/2016,14,14.06,13.5,13.55,13.69,-2.86,73046968,5335500,12870
1/8/2016,14.19,14.36,13.81,13.95,14.02,0,65805836,4692500,11572
1/7/2016,14.1,14.23,13.94,13.95,14.08,-2.37,91366096,6490700,14059
1/6/2016,14.13,14.49,14.02,14.29,14.3,0,83855088,5865000,17733
1/5/2016,14.41,14.57,14.29,14.29,14.38,0.35,80616856,5604500,15917
1/4/2016,14.44,14.57,14.24,14.24,14.4,-3.39,87689400,6090500,14351
12/30/2015,14.9,14.94,14.6,14.74,14.75,-0.4,70863024,4805900,10695
12/29/2015,15.19,15.19,14.8,14.8,14.94,-1.2,65856776,4406900,8921
12/28/2015,14.87,15.05,14.85,14.98,14.97,0.87,82384056,5503200,10921
12/23/2015,15.27,15.31,14.6,14.85,14.93,-1,128685648,8618600,19045
12/22/2015,15.14,15.51,14.93,15,15.1,0.6,182280048,12068600,19926
12/21/2015,16,16.1,14.91,14.91,15.31,-6.52,183838048,12005900,23196
12/18/2015,15.9,16.22,15.61,15.95,15.9,-2.68,202545792,12737500,27594
12/17/2015,17.12,17.3,16.31,16.39,16.89,-0.66,161183680,9542300,22038
12/16/2015,16.6,16.75,16,16.5,16.41,-1.55,154618192,9422900,24609
12/15/2015,16.85,17.21,16.71,16.76,16.96,0.72,120233328,7089000,17561
12/14/2015,17.36,17.38,16.62,16.64,16.88,-4.42,136626224,8096300,15317
12/11/2015,17.78,18.32,17.56,17.65,17.79,-1.94,199308608,11204500,30791
12/10/2015,18.64,18.73,17.96,18,18.16,-4.25,232147616,12785000,29221
12/9/2015,17.52,18.98,17.46,18.8,18.35,10.07,371249696,20234300,38892
12/8/2015,17.25,17.39,16.92,17.08,17.14,-0.98,103687024,6050400,16418
12/7/2015,17.45,17.82,17.19,17.25,17.47,-0.4,90986488,5208700,14827
12/4/2015,17.68,17.69,17.06,17.32,17.34,-2.69,125639168,7245300,19652
12/3/2015,17.4,17.98,17.15,17.8,17.65,8.4,192009184,10878700,24494
12/2/2015,16.38,16.79,16.11,16.42,16.39,0.79,143063600,8727700,18390
12/1/2015,16.4,16.65,16.23,16.29,16.38,0,129841088,7927700,21890
11/30/2015,17.11,17.21,16.29,16.29,16.61,-5.78,218728176,13170300,21268
11/27/2015,17.76,17.76,17.11,17.29,17.33,-3.13,111234232,6419100,14281
11/26/2015,17.62,18.01,17.5,17.85,17.83,2.58,73390936,4115600,7298
11/25/2015,18.32,18.36,17.31,17.4,17.77,-6.45,140045696,7881400,21437
11/24/2015,18.3,18.75,18.01,18.6,18.4,0.97,102898192,5591800,16329
11/23/2015,18.81,19.2,18.33,18.57,18.79,-0.85,148532976,7904000,20712
11/19/2015,18.05,18.82,17.95,18.73,18.46,5.58,222413136,12049300,23835
11/18/2015,17.65,18.08,17.54,17.74,17.88,0.73,154326528,8629400,18374
11/17/2015,17.5,17.91,17.4,17.61,17.61,1.79,107305304,6093100,15780
11/16/2015,17.11,17.42,16.95,17.3,17.21,1.34,97597136,5671200,11639
11/13/2015,17.05,17.17,16.85,17.07,17.03,-0.81,82680104,4854300,14687
11/12/2015,16.8,17.27,16.75,17.21,17.01,-0.28,171089392,10059900,19723
11/11/2015,17.34,17.78,17.25,17.26,17.52,0.75,180374608,10297500,28859
11/10/2015,16.81,17.22,16.73,17.13,16.97,0.88,68174048,4016400,10063
11/9/2015,17.19,17.58,16.86,16.98,17.14,-2.41,91004008,5309400,12692
11/6/2015,18.11,18.22,17.12,17.4,17.56,-4.91,151306544,8614500,23952
11/5/2015,17.35,18.3,17.34,18.3,17.95,4.87,164732976,9178200,19315
11/4/2015,17.62,17.95,17.34,17.45,17.63,0.4,177717376,10080300,25586
11/3/2015,16.27,17.42,16.09,17.38,16.85,8.82,177216592,10516800,29414
10/30/2015,15.4,15.97,15.4,15.97,15.73,3.03,102469296,6515000,17127
10/29/2015,16.12,16.25,15.5,15.5,15.9,-4.79,136875920,8606100,16725
10/28/2015,16.5,16.98,16.11,16.28,16.47,-1.69,117381984,7124900,15682
10/27/2015,16.4,16.56,16.2,16.56,16.42,1.34,119222960,7260800,11261
10/26/2015,16.75,17.14,16.3,16.34,16.69,-1.97,95769480,5738500,14185
10/23/2015,17.21,17.44,16.67,16.67,17.11,-1.36,99384888,5806900,13001
10/22/2015,16.65,17.09,16.53,16.9,16.89,1.5,109268536,6470700,19712
10/21/2015,16.35,16.84,16.32,16.65,16.63,1.21,112558896,6767700,12799
10/20/2015,17.01,17.18,16.36,16.45,16.56,-3.23,107910984,6514900,13913
10/19/2015,16.37,17.03,16.12,17,16.79,4.42,105340288,6274600,13917
10/16/2015,16.57,16.78,16.21,16.28,16.4,-1.75,134373264,8192100,23342
10/15/2015,17,17.14,16.32,16.57,16.59,-1.42,115665016,6971400,20215
10/14/2015,16.9,17.27,16.77,16.81,17.02,-0.94,203285744,11942300,34522
10/13/2015,17.94,18,16.92,16.97,17.25,-8.31,217717856,12618900,32650
10/9/2015,18,18.51,17.76,18.51,18.11,4.75,204131856,11274700,23364
10/8/2015,17.8,18.05,17.58,17.67,17.75,-1.45,191383056,10780300,27366
10/7/2015,16.74,17.93,16.74,17.93,17.52,8.46,387633824,22128200,37251
10/6/2015,16.04,16.61,15.83,16.53,16.32,2.28,125066632,7661300,19181
10/5/2015,16.08,16.48,15.93,16.16,16.19,1.5,113116976,6986700,20782
10/2/2015,14.84,15.96,14.73,15.92,15.54,6.77,140527760,9045400,24008
10/1/2015,15.2,15.33,14.71,14.91,15,-1.9,137196928,9144700,27082
9/30/2015,14.89,15.2,14.78,15.2,14.99,6.07,183573872,12248600,23299
9/29/2015,14.52,14.69,14.3,14.33,14.49,-1.1,122026200,8420400,20463
9/28/2015,15.15,15.24,14.49,14.49,14.66,-4.98,136626336,9319200,25970
9/25/2015,16.02,16.2,15.25,15.25,15.57,-3.05,108231760,6952400,18991
9/24/2015,15.5,15.94,15.15,15.73,15.47,0.19,134568144,8701100,23340
9/23/2015,16.4,16.46,15.66,15.7,15.94,-3.56,150945408,9469100,20858
9/22/2015,16.23,16.7,15.78,16.28,16.05,-0.06,138728192,8642800,20863
9/21/2015,16.92,17.08,16.29,16.29,16.59,-3.2,108108304,6516300,15146
9/18/2015,17.77,17.77,16.61,16.83,17.1,-5.6,157979840,9236200,23805
9/17/2015,17.99,18.3,17.8,17.83,18,-2.19,178576880,9922200,23490
9/16/2015,17.82,18.4,17.82,18.23,18.11,2.99,174458816,9635100,22425
9/15/2015,17.02,17.88,16.7,17.7,17.47,3.62,150113904,8591000,22902
9/14/2015,16.29,17.15,16.22,17.08,16.79,5.62,142732912,8499100,21116
9/11/2015,16.82,16.96,16.4,16.4,16.56,-2.67,123817264,7474900,19589
9/10/2015,16.62,16.85,16.15,16.85,16.45,-1.74,259777376,15796700,24073
9/9/2015,17.4,17.74,17.1,17.15,17.41,0.29,110192720,6328400,16041
9/8/2015,17.37,17.47,16.93,17.1,17.17,0.35,102694368,5979800,16810
9/4/2015,17.41,17.64,17.04,17.04,17.24,-4.43,119051880,6904400,11983
9/3/2015,17.57,17.83,17.16,17.83,17.49,2.47,170735760,9764400,17319
9/2/2015,17.52,17.78,17.23,17.4,17.45,0.17,120075288,6880300,13507
9/1/2015,17.5,17.78,17.3,17.37,17.46,-2.57,118263752,6771900,20149
9/1/2015,17.5,17.78,17.3,17.37,17.46,-2.57,118263752,6771900,20149
9/1/2015,17.5,17.78,17.3,17.37,17.46,-2.57,118263752,6771900,20149
9/1/2015,17.5,17.78,17.3,17.37,17.46,-2.57,118263752,6771900,20149
8/31/2015,18.17,18.43,17.6,17.83,17.82,-5.05,238313536,13372200,30716
8/28/2015,18.99,19.48,18.52,18.78,18.97,-2.34,199938816,10541400,18322
8/27/2015,18.91,19.69,18.73,19.23,19.28,3.55,200918032,10423000,27859
8/26/2015,17.94,18.58,17.56,18.57,18.13,4.91,173153424,9551600,31881
8/25/2015,18.59,18.64,17.68,17.7,18.12,-1.28,167242848,9230600,31888
8/24/2015,17.4,18.49,17.12,17.93,17.89,-2.71,217300720,12146400,38624
8/21/2015,18.46,18.79,18.07,18.56,18.49,-0.21,117726320,6365900,18867
8/20/2015,18.28,18.71,18,18.6,18.37,1.03,169580064,9229500,18476
8/19/2015,18.86,19.06,18.41,18.41,18.64,-6.16,196871824,10560200,21202
8/18/2015,18.93,20.18,18.81,19.62,19.61,3.37,223764480,11409900,30106
8/17/2015,19.31,19.5,18.98,18.98,19.23,-1.65,128423184,6678300,19481
8/14/2015,19.59,19.78,19.3,19.3,19.52,-0.77,98084088,5025400,15230
8/13/2015,20.06,20.2,19.33,19.45,19.63,-4.37,195448240,9957800,23365
8/12/2015,21,21.08,20.2,20.34,20.62,-4.41,154019488,7468300,24129
8/11/2015,21,21.28,20.55,21.28,20.85,1.23,75457904,3619300,12152
8/10/2015,20.75,21.23,20.52,21.02,20.94,2.63,54043848,2580400,8661
8/7/2015,21.05,21.21,20.45,20.48,20.7,-2.93,93985104,4540900,17899
8/6/2015,21.5,21.6,21.02,21.1,21.26,-2.76,87973104,4138600,15188
8/5/2015,21.6,21.88,21.4,21.7,21.65,1.16,77261616,3569200,11952
8/4/2015,22.36,22.36,21.32,21.45,21.63,-3.55,95243280,4402900,15931
8/3/2015,21.95,22.49,21.83,22.24,22.27,0.86,108198896,4859400,14556
7/31/2015,21.79,22.09,21.56,22.05,21.94,2.32,151269696,6896100,17271
7/30/2015,21.93,22.09,21.33,21.55,21.6,-1.73,94207792,4361500,15854
7/29/2015,20.86,21.93,20.83,21.93,21.51,4.42,154621552,7188400,18323
7/28/2015,21.52,21.59,20.3,21,20.95,-0.14,155839248,7437600,25215
7/27/2015,20.74,21.33,20.63,21.03,21.07,3.03,184245136,8745500,24493
7/24/2015,20.61,20.77,19.7,20.41,20.12,-0.97,136207488,6771000,23957
7/23/2015,20.84,21.18,20.53,20.61,20.75,-1.57,135487936,6528600,18418
7/22/2015,21.89,21.89,20.85,20.94,21.16,-4.81,180140496,8514600,25500
7/21/2015,22.11,22.29,21.63,22,21.94,-0.13,113997640,5195200,15186
7/20/2015,22.57,22.68,22.03,22.03,22.24,-2.52,130040560,5847500,18239
7/17/2015,23.1,23.32,22.46,22.6,22.68,-2.37,154417520,6808000,18713
7/16/2015,23.21,23.61,22.92,23.15,23.2,-3.25,186160064,8023500,18631
7/15/2015,23.87,24.16,23.81,23.93,23.95,0,90605736,3783600,11806
7/14/2015,23.95,24.12,23.56,23.93,23.91,0.12,49395912,2066100,6797
7/13/2015,24,24.14,23.78,23.9,23.95,0.58,61941372,2586600,7857
7/10/2015,23.46,24.03,23.45,23.76,23.74,2.59,102135576,4303100,14046
7/8/2015,23.27,23.6,23.01,23.16,23.3,-1.11,74563192,3200600,12266
7/7/2015,23.7,23.74,23.17,23.42,23.39,-1.8,136521872,5837800,16052
7/6/2015,23.47,24.15,23.2,23.85,23.73,0.76,87830136,3701000,11509
7/3/2015,23.85,23.85,23.51,23.67,23.67,-0.96,46493744,1964300,5859
7/2/2015,24.21,24.26,23.67,23.9,24.07,-0.29,264668704,10996700,19565
7/1/2015,24.38,24.5,23.8,23.97,24.13,-1.27,106083440,4396600,16074
6/30/2015,23.86,24.3,23.67,24.28,24.02,2.01,152434400,6347300,21401
6/29/2015,24.03,24.34,23.63,23.8,23.88,-2.85,110751720,4638500,13691
6/26/2015,23.49,24.5,23.46,24.5,24.24,3.9,150429680,6206100,17746
6/25/2015,23.9,23.95,23.3,23.58,23.59,-1.25,129549424,5491800,17725
6/24/2015,23.56,23.95,23.28,23.88,23.69,1.96,124458728,5254600,14082
6/23/2015,23.7,24.08,23.42,23.42,23.68,-0.59,117709040,4970900,10010
6/22/2015,23.41,23.72,23.29,23.56,23.54,1.9,155923008,6623900,16699
6/19/2015,23,23.34,22.72,23.12,23.04,-0.68,115151760,4998500,10444
6/18/2015,22.82,23.41,22.66,23.28,23.1,3.23,120256360,5206600,13848
6/17/2015,23.2,23.29,22.46,22.55,22.66,-2.84,127523968,5628600,16931
6/16/2015,22.66,23.34,22.53,23.21,23.17,3.33,248127200,10708000,11696
6/15/2015,22.48,22.48,22.05,22.46,22.31,-0.17,84447272,3785300,9564
6/12/2015,22.69,22.98,22.5,22.5,22.62,-1.4,71419104,3157100,11760
6/11/2015,23.48,23.5,22.63,23.07,22.94,-0.6,106905984,4659900,12387
6/10/2015,22.9,23.45,22.79,23.21,23.27,3.06,136888384,5881900,20853
6/9/2015,22.33,22.73,22.3,22.52,22.53,1.3,183258720,8134900,14571
6/8/2015,22.51,22.76,22.2,22.23,22.4,-0.44,99854360,4458500,10431
6/5/2015,22.7,22.7,22.11,22.33,22.32,-1.19,133899336,5999700,16157
6/3/2015,23.5,23.58,22.6,22.6,22.92,-3.62,171099360,7466300,20865
6/2/2015,23,23.66,22.96,23.45,23.39,2.49,189396464,8098600,21296
6/1/2015,22.8,23.03,22.55,22.88,22.81,0.61,84255736,3694000,11614
5/29/2015,23.5,23.5,22.71,22.74,23,-2.82,141473792,6149800,16737
5/28/2015,23.79,23.79,23.25,23.4,23.44,-2.25,105369408,4494700,12849
5/27/2015,23.71,24.08,23.25,23.94,23.73,1.65,143547776,6050300,19331
5/26/2015,24.13,24.24,23.31,23.55,23.53,-2.68,121749560,5174400,15934
5/25/2015,23.31,24.38,23.11,24.2,23.99,3.64,91059192,3795600,10626
5/22/2015,23.9,23.98,23.35,23.35,23.66,-3.39,196242640,8295600,23182
5/21/2015,24.81,24.89,24.28,24.63,24.55,-1.59,104505576,4256700,12401
5/20/2015,24.94,25.63,24.66,25.03,25.19,-0.94,185306896,7355500,18261
5/19/2015,26.15,26.2,24.87,25.27,25.27,-2.95,155374576,6149500,17265
5/18/2015,26.5,26.5,25.76,26.04,26.01,-0.68,119020928,4576100,15254
5/15/2015,26.06,26.5,25.91,26.22,26.24,1,106739632,4068500,13694
5/14/2015,26.69,26.7,25.72,25.96,26.08,-3.85,255990928,9816700,25984
5/13/2015,27.37,27.64,26.85,27,27.03,-1.85,189552272,7012300,13214
5/12/2015,27.83,28.15,27.51,27.51,27.87,-1.96,223614640,8023600,18145
5/11/2015,28.04,28.23,27.36,28.06,27.78,0.21,113734064,4093400,16782
5/8/2015,28.01,28.4,27.56,28,27.9,0.5,138277120,4955700,16444
5/7/2015,26.83,27.89,26.76,27.86,27.54,2.76,130532656,4739100,13135
5/6/2015,27.11,27.24,26.74,27.11,27,-0.22,117354584,4346700,14435
5/5/2015,26.38,27.24,26.18,27.17,26.95,2.76,127714920,4739400,15214
5/4/2015,26.81,26.96,26.41,26.44,26.66,-0.67,119174200,4470800,14604
4/30/2015,25.85,26.62,25.61,26.62,26.24,2.38,180062416,6861500,16849
4/29/2015,26.3,26.35,25.85,26,26.02,-1.88,132256936,5083300,12130
4/28/2015,26.59,26.66,25.78,26.5,26.29,0.37,125558224,4776300,12170
4/27/2015,27,27.28,26.3,26.4,26.61,-2.9,211343424,7941700,14760
4/24/2015,26.5,27.42,26.44,27.19,27.03,3.42,231291040,8558000,22328
4/23/2015,25.05,26.45,25.03,26.29,26.01,3.42,176364256,6779800,20886
4/22/2015,24.5,25.58,24.43,25.42,25.2,4.05,153858512,6105200,19928
